index,id,sequence,seq_length
0,id_00073f8be,GGAAAAGUACGACUUGAGUACGGAAAACGUACCAACUCGAUUAAAAUGGUCAAAGAGGUCGAAAUACAGAUGACCUUCGGGUUAUCAAAAGAAACAACAACAACAAC,107
2,id_00131c573,GGAAAACAAAACGGCCUGGAAGACGAAGGAAUUCGGCGCGAAGGCCAACGGAUACGAGGGCGAAACAAGCCUAACUUCGGUUAGGCAAAAGAAACAACAACAACAAC,107
3,id_00181fd34,GGAAAGGAUCUCUAUCGAAGGAUAGAGAUCGCUCGCGACGGCACGAAGGUGGCGGAGUGAGCACCUUCGUAAGCCUUCGGGCUUACAAAAGAAACAACAACAACAAC,107
18,id_00ca60e44,GGAAAGCAGGAGGCCGAGGAUCCUGCGCUAUGAGGAAACCAUAGACGCAGAGAUCCACGAACCACCGCGGUUGACUUCGGUCAACCAAAAGAAACAACAACAACAAC,107
23,id_00e99b69c,GGAAAUUUUAGAUUGCACACAGUCAGGUAGUUAAAAUUAGGCCACCACACCUGGAAAGACAACCUUUACACCGCCUUCGGGCGGUGAAAAGAAACAACAACAACAAC,107
28,id_0133c7f43,GGAAAAACAAAAAGAAAAACAAAAAGAAAAGAAAACAAAAAGAAAAAGAAAAACAAAAGAAAAGAAAAGUAUUAGUUCGCUGAUACAAAAGAAACAACAACAACAAC,107
35,id_019001f8c,GGAAACAUAUAGGAUGUAGGAUAGGAUUACACAGAAACUGGUGGUCACUGUCACUGUGUCACUGUGUGGGCGAUGUUCGCGUUGCCAAAAGAAACAACAACAACAAC,107
37,id_01bded1ea,GGAAAGGUUGGCGUGAGCAUAGGAAACUAUAAAAGUUGAUGGAGUUGGAAAACGGCACAACCAAAUACGUCAUAGUUCGCUAUGGCAAAAGAAACAACAACAACAAC,107
42,id_0231d8646,GGAAAAGGUCUAGGCUCAUCCCUUGGAUGAGGAUGCCUUGCAUCGCAUGCCUUGCAUGCCCUAGACCGCAACCACUUCGGUGGUUGAAAAGAAACAACAACAACAAC,107
43,id_0249ac3ec,GGAAAAGAACAACGAUGAAAAUGGUUGAAAAGGCAGCGGAAACAACGAAAAGCCAGUCGAAAAAGACAGAAUGACUUCGGUCAUUCAAAAGAAACAACAACAACAAC,107
48,id_026ecc0f7,GGAAAGAUGGUGGUCGCGAGAGGCAGACACACACAUCGGAUGACACAGGAGCGAAGGCCCGUGCAUCGGCCAGGCUUCGGCCUGGCAAAAGAAACAACAACAACAAC,107
49,id_028daae5f,GGAAACCGCGUCGAAGGCGAGUUAUGCGGACAUCAAGCAUAAGUCCGUAUAAACGCCAAGAGGCGGGACCUAAGGUUCGCCUUAGGAAAAGAAACAACAACAACAAC,107
50,id_029adfef2,GGAAAUACGCUCGAGAGCGAUACAGCUCCACGACGCACGAGCGCUCGGAUACAUGCGAGCCACGCUCGCGAUUCGUUCGCGAAUCGAAAAGAAACAACAACAACAAC,107
58,id_030873a8c,GGAAAGCGCAAAGCGCAAACCUCUGGAAACGGACGGACGGGAAACUGGACGGACGAAAACAGAGAAAAGAGAUAGUUCGCUGUCUCAAAAGAAACAACAACAACAAC,107
60,id_03329a6bb,GGAAACUAUUUAUUUCAAAAAUAAAUAGGAAUUUAUUUAAUAUCAAAUAAUAAAUAAAACAGAAGUGACGAUUUAUUCGUAAAUCGAAAAGAAACAACAACAACAAC,107
61,id_03374ce85,GGAAACCAGAGACAUAUGGAUAUAUAUGGAGCUAUAGGCUCAGUUAGAUAUAACGUUCAUAGAGCAUAGUUAAUGUUCGCAUUAACAAAAGAAACAACAACAACAAC,107
71,id_042cdf5dc,GGAAAAACGCCAAGGACCACAACACAGGACCAAAGGGAGGAACCCACCCACCCAAAACGGGAGGCGAAGAGACGCUUCGGCGUCUCAAAAGAAACAACAACAACAAC,107
87,id_054e87a74,GGAAAGGGAAAGGCCGAAAGGCAGCCCGCGAGCGGCGCCGCGGAAACGCGGCGCCGCAAAGCGGGCAGGCCAGUGUUCGCACUGGCAAAAGAAACAACAACAACAAC,107
92,id_059eec860,GGAAAGCCACGCCCAAACCACAGAACCAACAGUUCCAAGUUUGACGCAGGCAACACGAGACACUCACAACCAUGGUUCGCCAUGGUAAAAGAAACAACAACAACAAC,107
94,id_05c5cffc1,GGAAAAAUACCUAGAUACAUACCGACAGGACCACCAAGUCACAGUAAAAGUACACCUAAACGUAUAAACAAGAUCUUCGGAUCUUGAAAAGAAACAACAACAACAAC,107
96,id_05e19e82e,GGAAAAGAGCGACGAGAGCCACGAAAGAUGGCUGCGAGAGGGAGCCAUCGAGUGGCUCGAGUCGCUCAGGAUAGCUUCGGCUAUUCAAAAGAAACAACAACAACAAC,107
108,id_070d19963,GGAAAGCGCGACGUAUGACGCAAAGGCACGAAAGUGCGCGCGAUGAAACAUCGACAUGCGCGACGCAAGUGUCACUUCGGUGGCACAAAAGAAACAACAACAACAAC,107
117,id_07cf56b9b,GGAAAACACGAACCAGUGCUCCUUUGGCGGGACGAAAGUCCGCGCCGGAGCCUUGUUCGUGAAAUAAAAUCAUCCUUCGGGAUGAUAAAAGAAACAACAACAACAAC,107
119,id_07e6d9a0d,GGAAAUACCGAAACGUGCGCAGCGCGGAAAACGCGCAGUCGAUACGACGCAAAGCGCACGAACCGGAACCUAUGCUUCGGCAUAGGAAAAGAAACAACAACAACAAC,107
122,id_0808e97e1,GGAAAUAAUUGCAUAGUGGAGAAUUUAGUAUAGUAAAUUAGUAGGAAACUAUUAAAAGCUAAAAGCAAGCAAGCGUUCGCGUUUGUAAAAGAAACAACAACAACAAC,107
132,id_08c1ecfac,GGAAACACAUAAUUCAGAAAAAUGACAUAAUGCGACACAUAUACUGUAGAAAAAUACAUAAAUGCGAAGCAUUCGUUCGCGAAUGCAAAAGAAACAACAACAACAAC,107
135,id_08d9db389,GGAAAAGCUCUCUACGUCGGACGACAAUAAGUGGUGCGACAACACAGCGAAAGCUGUGGUAGAGAGCAGGACUGGUUCGCCAGUCCAAAAGAAACAACAACAACAAC,107
142,id_091ebfa1a,GGAAAUAGAUAGAUAGACUGAAGAUGCAGACAGCAGAUAAGAAGAGAUGAUAGAAGAGAUGAUAUUUACGUGCGCUUCGGCGUGCGAAAAGAAACAACAACAACAAC,107
146,id_0987cc34d,GGAAACACAAAAGAGCUGAAAACUGGUCAAAACUCAAAGAGGACAAAACAGCAGAAAACUCGUGAAAAGGUCUGCUUCGGCAGACCAAAAGAAACAACAACAACAAC,107
149,id_09aadb786,GGAAAGAAAGUAAGGAGGAGUGGAAACACCUUCAAAUUGCAAGGAUGAGCGAAAAGUUAACAUUCAAAGUUAGUGUUCGCAUUGACAAAAGAAACAACAACAACAAC,107
152,id_09d5f475c,GGAAAAAGCGAUGCAGCGCUCCCACAUUCUGCCACCGAAGUGAUAGAUAAUCUGCAUAUUCGCUUCAGGUCCUGGUUCGCCAGGACAAAAGAAACAACAACAACAAC,107
163,id_0a5640fee,GGAAAGUGAUCAGUGAUAAAACGCAAAAAGUCAAAAGACAAAAAGAUUACAAGGCCAAAAUAAGGCCAGGAUCGCUUCGGCGAUCCAAAAGAAACAACAACAACAAC,107
174,id_0aff1dafc,GGAAAAGCGUGGUACACAUGUGAAUGCCAGCCACAUCGCUAUACAGCGGGUUGGGACCACGCUAAUAAGUAGUUCUUCGGAACUACAAAAGAAACAACAACAACAAC,107
180,id_0b887fdbe,GGAAAUGAGUAGUUAGUUAAGUUAUGUAGAUAGAUAGAUAGAUAAGAUAAAGUAAGUAUUUAAAUAAGUAUGUUAUUCGUAAUAUGAAAAGAAACAACAACAACAAC,107
181,id_0b9e3db80,GGAAACAUCACUAUAUACGAAAGUAUAUAGGAUGAGUCACUAUAUAUAUCGAAAGAUAUAUAUAGGACCCAUGCUUUCGAGUAUGGAAAAGAAACAACAACAACAAC,107
183,id_0ba84a979,GGAAAAGCAAACUAGGUAGGAUGAUUACUACCAAGAGAGAUCUUGUAGUAUGAUUAUGCUACCUUUAAUAUUACAUUCGUGUGGUAAAAAGAAACAACAACAACAAC,107
186,id_0bdb0926f,GGAAAGCUGGACAUUCAAGGUGGAAAUAGAGUUGUGGGUGAGAAAUCUCUGGGAGGACUCGGGCGUGGGAGCCCGUUCGCGGGCUCAAAAGAAACAACAACAACAAC,107
203,id_0ce791a14,GGAAAGUAUCGAGGUGACGUAUCACACAGAGGGAAAACUUCAAAGUGUGUAAAUAGGUCCCUAAGAUAGCGUCAUUUCGAUGACGCAAAAGAAACAACAACAACAAC,107
205,id_0cf82307d,GGAAAAUGUGUGUGAAAGAAUAUAGAUAAACUGGUGAAAAUUAGAAAGAUAUUAGAACAUGGUGUCAAAUGGUACUUCGGUAUUAUAAAAGAAACAACAACAACAAC,107
211,id_0d413a680,GGAAAGACUAGUUAAUUACGUCUGGAAACAGACGUGAUACCCUUGGUCAACUGCUGAUAAGCAGUAGACUGUGCAUUCGUGUACAGAAAAGAAACAACAACAACAAC,107
213,id_0d62cd1b7,GGAAAUAAACUCAACAUCAACCAUAUGUAGUUGAUGACCCGUGUCCUAUUCACUUCUAUUCUAAAUGGCCGGCACUUCGGUGCCGGAAAAGAAACAACAACAACAAC,107
215,id_0d6ebd29b,GGAAAACUCACACGCCGGAACACACGCGCGGAGAAAGGUCAACCAACGAAACCGCAGGCAGACCACAACCAUGUCUUCGGACAUGGAAAAGAAACAACAACAACAAC,107
216,id_0d805d85f,GGAAAUGUCAUUCACGCCGAUUUUACUCUUAACGACGCCCGUUCACGAUCAUGACUCGGCUCAUGAUAGGCUGUCUUCGGAUAGCCAAAAGAAACAACAACAACAAC,107
223,id_0dabde633,GGAAAAAGAUUGUGGAAGUAGGUUGAAAAACGGGUUACCUAGAAUCAGUAUGAUGAAAACAGAGUGCAGCAAUGCUUCGGCAUUGUAAAAGAAACAACAACAACAAC,107
231,id_0e612f0b1,GGAAACGAUCUGACUAGCUCACUCGCGCUCGCCUCGCCGCGGCUCCGGGACUCUGCAGGACUCACGCGCCCUAGGUUCGCCUAGGGAAAAGAAACAACAACAACAAC,107
236,id_0eb39fe7d,GGAAAGCUGCGAGGGAACCGACAGCGACAAGUGGCAAAGUGGCGAGAAGCAGGAGGGAACCGAGCUGCGGUCUGGUUCGCCAGACCAAAAGAAACAACAACAACAAC,107
243,id_0f1a04124,GGAAACAAAGCUAUAUACAAAACAUGAAAAAUGAAAAACAUAAAAUGACAUAAAAAUGAGUAUAUAAGGGAGUUAUUCGUAAUUUCAAAAGAAACAACAACAACAAC,107
247,id_0f764a256,GGAAAUUGGGUAAGCAAUUUGUGUUCUACUCGAGGUAGUCUACCACUGCUAUUCUAGGCGCUGGUAGGGAGCUGGUUCGCCAGCUCAAAAGAAACAACAACAACAAC,107
252,id_0fcbe9aed,GGAAAGUAUAUCGAUGGAUAUACAGUAUAUGGAUGCAUAUACAGUAUAGCGAUGGCUAUACAUAUAUAAUUUAUAUUCGUAUAGAUAAAAGAAACAACAACAACAAC,107
253,id_0fcd1bc18,GGAAAGGGACUGUCGAAAUCCGCUACAAAGUGGAACCAGGCGGUCCCGCGUACGCACAAAGCGUACGCGUGGACGUUCGCGUCCACAAAAGAAACAACAACAACAAC,107
254,id_0fd2f39fa,GGAAAGUCGAAGUGUCGAAGCAGCGAGAGGCAGGUGUACGUAGGUAGACGAAGCGAGAGACGAAGACAGUGGAGCUUCGGCUUCGCAAAAGAAACAACAACAACAAC,107
259,id_101467fb4,GGAAAAGUCAGCCUGGAAAACAGAAAGCAAAGACAAGUCGCAGUCGAAAAUAGACGAGCAAAGACAGACAGCGUGUUCGCACGCUGAAAAGAAACAACAACAACAAC,107
261,id_1024c252a,GGAAAGUUUGGUAAGGAACUAUUACUCACUACGAAUUAACGUAGGAGAAUAGCAAACAAAGAAAGAAAGGGUAUCUUCGGAUACCCAAAAGAAACAACAACAACAAC,107
270,id_10c43923e,GGAAACGUGGUGGUGUGGGAUGCGGAGGUGUUUUGCAUUUAUGCUUGGUGUGGGAGGACUGUGGUAGGGAGGAGAUUCGUUUCUUCAAAAGAAACAACAACAACAAC,107
275,id_10fb46ba3,GGAAACCAAAAGGAAGCGCCAAAACUGCAAAAGUGGCGACCCGCCAAAAAGGGCGGAAAGGUGCAAAACUAGCCGUUCGCGGCUAGAAAAGAAACAACAACAACAAC,107
291,id_11aba0f80,GGAAAGUGUCAUUGCGAUGGGUGGGCGUGGAGGUGUGUAAAUGUAAUGUGGGAGAUGGAUGAAUGACCGGGCGGAUUCGUCCGCCCAAAAGAAACAACAACAACAAC,107
292,id_11b2c8d4e,GGAAAGGUUGGCUGCGUAAGACUUCGGUGGGUGCUCCCGCUGUAUCAUAGAAUAUGUUUUAUAUAGCCGAGUCCGUUCGCGGACUCAAAAGAAACAACAACAACAAC,107
302,id_1253cacaf,GGAAAUUAUGCUUACUAAUGAUAACACUAAUUAAAAGGCCGGCCGGCCUGUUUUCUCUCGGGCCGGGACCCCAACUUCGGUUGGGGAAAAGAAACAACAACAACAAC,107
304,id_12a307676,GGAAAACGCCUAACCUUCUCGAUGAGCAUCUCAAUGUGGCCUAGGUUUGCCUUGUACGCAUCGAGGCGUAGCGCGUUCGCGCGCUAAAAAGAAACAACAACAACAAC,107
316,id_136f22289,GGAAAGCAUCCAGCUGAUGAGUCCCAAAUAGGACGAAGCAUGUUAUUAUUUAUACUUUUCUGGAUGAACCUGCUGUUCGCAGCGGGAAAAGAAACAACAACAACAAC,107
323,id_13f097070,GGAAAAAGGCUCAAACUGUACGAAGGUACAGAACCAUAGCGAAAGCUAUGGAAGAGCCGACACCAUGGCUGCAGGUUCGCCUGCAGAAAAGAAACAACAACAACAAC,107
327,id_141be2858,GGAAAUACAAUAAUAAGAGAAAAAUAUCAAUUAUGUACAUUAAUUAUGAAAAAUAAAAAUAAUUAAUGCGAUUGCUUCGGCAAUCGAAAAGAAACAACAACAACAAC,107
328,id_141ed62da,GGAAAUAGGAGCAGUUUUGGUGAAAUUUAGGCGAGCGGGCAGGAGCGAGAAUGUUUUGUGACGGAGACGAUAUCCUUCGGGAUAUCAAAAGAAACAACAACAACAAC,107
333,id_14862c00d,GGAAAGAAGGCAUAUUUUCGGCGCGGCAAAAGCCGGCGCGAAACGCGCGGAAACCCGCACGAAUUGCCCAUAGGCUUCGGCCUAUGAAAAGAAACAACAACAACAAC,107
334,id_1488bc83f,GGAAACUCGAAAUAACAAAGAAAAGGAGGAACACGAAAAAGAACAAAUAAAACAGGUGACCAAAAGGACGAUAUAUUCGUAUAUCGAAAAGAAACAACAACAACAAC,107
340,id_15269cf1a,GGAAAGCAGGGAAGCGCGACGACCGACAGGGACCGGCGCGGGACAGGGAGGGAGGAGCGCGAACAGGCCGACGGCUUCGGCUGUCGAAAAGAAACAACAACAACAAC,107
345,id_15bf131aa,GGAAAACUUGACUCUGGACAAGACACUGGUAGGUGUAGGCGAAGCCGUCUUUGUCGUCCUAAGGCUGGACGUGCGUUCGCGCACGUAAAAGAAACAACAACAACAAC,107
354,id_161793e4b,GGAAAAGACAUAUGAAUAAGACAAAGAUAAUACAAAUCAAAUUUAAUAAAUAAAUAAAUAGAGAUAUAGAAAACCUUCGGGUUUUCAAAAGAAACAACAACAACAAC,107
366,id_1740e6b26,GGAAAGAGAUGAAAAAUUUCAGCAGAGUAGAAAAUAUUGUGCGAGGCAGAGUGUAAAACAGUAGGUCUGAUAUGGUUCGCUAUAUCAAAAGAAACAACAACAACAAC,107
370,id_1788270f8,GGAAACCAAAAGGAAGCGCCAAAACUGCAAAAGUGGAAACCGUCCAAAAAGGGCGGAAAGGUGCAAAACGGGUUGUUCGCGGCUUGAAAAGAAACAACAACAACAAC,107
371,id_178e18b61,GGAAAUUUUUGUAGAUGUGAGAGGGUUUUGAAGCGAGUGAGUGUGUGGAUAGAGUUAGUUCUGAGGGAGGGCGGUUUCGGCCGCCCAAAAGAAACAACAACAACAAC,107
374,id_17ad6fd8a,GGAAAGACGCAGCGCUAUAGGGAUCAUAAAUAUCGGUCCCAAUAAUUUAUACUGCGCAACGUCCUCACUGGCACGUUCGCGUGCCAAAAAGAAACAACAACAACAAC,107
375,id_17af51066,GGAAAAACGAAAUAGAGUGUAAGAAUUGUAUGGGUUGAGAUAGAAAAUGUGUCGGGUGGAAAUUAUUCGGGCCGGUUCGCCGGCCCAAAAGAAACAACAACAACAAC,107
380,id_1857090dc,GGAAAGCAGAGGCGCAGGGUAGAAUAACGAUAAACGGCAUGAUAAACUAUACGAAUGAGCCGAUACGGCCCUACCUUCGGGUAGGGAAAAGAAACAACAACAACAAC,107
389,id_1931dd142,GGAAACCGGAAACGGGCAAACGCGCACCGUGUGGCGGACCGCCGUGUGGAUCGGCGGCGGCAGAGCCGCCGGAUUUUCGAAUCCGGAAAAGAAACAACAACAACAAC,107
396,id_199b25de2,GGAAACCAGAGAGCCGGCGAGAGCCGGCCGGCCAGAGGCCGAGCGCGAGAGCGCGCGCAGAGCGCAGACGUGAGCUUCGGCUCACGAAAAGAAACAACAACAACAAC,107
397,id_19aaa4ee0,GGAAAGGGAAACCAAGGAACCGGAAAACGGGCCCGGUGCAUAAUUGCACCGGGAAAGAUGAAACAUCAGCGCUACUUCGGUAGCGCAAAAGAAACAACAACAACAAC,107
402,id_1a2347b2a,GGAAACUCAACACAAAGUGACGUCAGAGAAACUUAGUAAGAUACUUGCAGACGAGUCAAAGACAGAGAGGUGUCGUUCGCGACGCCAAAAGAAACAACAACAACAAC,107
423,id_1bd6afc86,GGAAACCUGGUUUAACAUAUAGUGAACCAGAGAGAGAGAGAGAGAGAGAGAGAGAGAGAGAGAGAGAGCGAUGCCUUCGGGCGUCGAAAAGAAACAACAACAACAAC,107
424,id_1bf477fb3,GGAAAGCCGAAAGCGCCAAACAAAACAAAGGAGAGGGAACCAAACCAACCCGGCGCACGGCACACACAGCUGAUGUUCGCGUCGGCAAAAGAAACAACAACAACAAC,107
426,id_1c29025a4,GGAAACCUAUAAGAUAGACGAAAACCUAAAAUUAAAAUCAAAUAUGGUUCGAAAUCAAUAUCUAUAGGGAACCCCUUCGGGGGUUCAAAAGAAACAACAACAACAAC,107
434,id_1cb5bc713,GGAAAGCCGUAUGGGCAAGUAUAUAUGGAUACAUAUAUACAAGCGGAGAGCGCAAGCCGAAGGGCGAAGCGGGUCUUCGGACCCGCAAAAGAAACAACAACAACAAC,107
441,id_1d364a97a,GGAAAAGUACUGAAGUACAUGAAUUUAGUAUGGAAACAUGCAAUGGAUUGAUGAAAUACCGGAAUACAGUAAUGAUUCGUUAUUACAAAAGAAACAACAACAACAAC,107
447,id_1db5fefc6,GGAAAAGGCAACCGUAUCGUAAUCAGUCGAUGGAAAGGAAUCGGAAUAGGAAUGCGAAACGGUAUAAGCGGCGAGUUCGCUCGCCGAAAAGAAACAACAACAACAAC,107
453,id_1e12f72c3,GGAAAGCGAAAAAUAAAUUGAUAAAAUAAGAAUGAUAAAAUAGGCGAGGUAUGAAAAUAAAGAUACGGCAAUAAUUUCGAUUAUUGAAAAGAAACAACAACAACAAC,107
454,id_1e1df1e6e,GGAAAAGCCCUGGAAUAAAGGUCGGUGGAAGAACGCAAGGACAGAGGGAAAACUUCAACGGAAGGCAAGUAAUGCUUCGGCGUUGCAAAAGAAACAACAACAACAAC,107
464,id_1e96cd7b4,GGAAAUAAGGAAGGAAGUUCUGUUGAAUUUCAUCAAAAAUUAUUGAAAUCAAUAGCAAGAAGAGAGAGAGCGCGCUUCGGCGCGCUAAAAGAAACAACAACAACAAC,107
469,id_1f3bbe239,GGAAAUGCUCAACCAGGGCAUCAUUAUGUGCCACUUCAAAGACAAUCGAAACCCUGUAAACACAAGGACCAUUAGUUCGCUAGUGGAAAAGAAACAACAACAACAAC,107
471,id_1f4b1d167,GGAAAGAAGGUAGCGUAUAUCAAAGAUAUACGUAUACGAAAGUAUACGAUACGAAAGUAUCGCUACCAGACAGACUUCGGUCUGUCAAAAGAAACAACAACAACAAC,107
473,id_1f620da9e,GGAAAGGUGUCACAGACGACAGCAAAAUAUAAAAGGACUGGAGUCACCGGAAGGACGUGUCACAAAAGCCGACACUUCGGUGUCGGAAAAGAAACAACAACAACAAC,107
474,id_1f6d9e2dc,GGAAACGGGCCUCCUGCCCGAAGCAGGGCGGAGCCCGCUCCCAGGGCCAAACCUGGCAUCCGUGGGAGGAAGACCUUCGGGUCUUCAAAAGAAACAACAACAACAAC,107
480,id_2025b9e2b,GGAAAAGAUCCUGAGUAUCGAAGGAUACCAGAGAUCGGUUCACUGGUAUCGAAGGAUACACAGGAACGGGAUUGCUUCGGCGGUCCAAAAGAAACAACAACAACAAC,107
488,id_20b4449df,GGAAACGCGACGACGACGACGACGAAGAAGAAGUUUUUUUUUUUUUUUACUUCUUCAAAUAAUACUUAGCGUGGCUUCGGCCACGCAAAAGAAACAACAACAACAAC,107
491,id_20ba100cb,GGAAAGGAUAAGAGCAUAUAUAGAAACUAUAUAUGACUAUUUAUAGAAACUAUAAAUAGCUUAAGUCCCGCGAUCUUCGGAUUGCGAAAAGAAACAACAACAACAAC,107
493,id_210a33ba1,GGAAAGGCGUCCAGGAAAAAUGGACGUCGGUGAAAGCGGGAGGAAAAAUAGAGAAAACACUGAAGCGCGGCUUCCUUCGGGAAGCCAAAAGAAACAACAACAACAAC,107
496,id_212b2be55,GGAAAGAACGGAUAUUUUGGGCGCCCGAAAACGGGCCGCCAAAGGCGGCCAAAGGCGCACCAAUUCCGCCGUGCCUUCGGGCACGGAAAAGAAACAACAACAACAAC,107
497,id_213610c66,GGAAAAUGGCCGUCCCAACAAACCAGAUCGCCACAACACAAACAACACGGCGAACACCACCACGGCCACGAACUGUUCGCAGUUUGAAAAGAAACAACAACAACAAC,107
500,id_215ef40b3,GGAAACUCAACCCUAAUUUAGGGAUCUGCUGCAGAUGAGCAUCAUGCUUGGCUGGUCCAGUCUUGAGAGACUAGCUUCGGCUAGUCAAAAGAAACAACAACAACAAC,107
507,id_218180989,GGAAACGACGAGGACGAGGACGAGGACGACGAGUAAAAAUCGAGGACGAGGACGAGGACGAGGAGGAGGUGUGUCUUCGGACAUAUAAAAGAAACAACAACAACAAC,107
510,id_219204b32,GGAAAAGAUACAAAGUAUCAAAGGUCAAGAGGAAGCUCAGUAGGCUAAAUGCACUACAGGAAGAUCAACCAUAGUUUCGAUUAUGGAAAAGAAACAACAACAACAAC,107
516,id_21f172cf3,GGAAAUUUAGCAAACAAACAAAACCAAAAACAAACACCCACACCCACUCAAACACUCACCCACACACAUAGAGAAUUCGUUCUUUAAAAAGAAACAACAACAACAAC,107
538,id_23e7600a3,GGAAAGAGAGGAAAACUUUCCUUGGAGUGGAAAACAUUGUGGGAGGCAGAGUAGAAACUAGUAGGUCUGGUGUGGUUCGCUAUACCAAAAGAAACAACAACAACAAC,107
540,id_2400e26e9,GGAAAGGUAUAAAAUACGGUAUAAAAUACGGUAUAAAAUACGGUAUAAAAUACGGAUAAAAUAUCGAGCAUGAUUUUCGAAUUAUGAAAAGAAACAACAACAACAAC,107
546,id_24426bd3e,GGAAACCAGAGACUUUCGAUCAUAGAAAGUUAAACGCCCAAUUAUACACUAUCUCCCAAGAGAACCGGGAUAUUCUUCGGGAUAUCAAAAGAAACAACAACAACAAC,107
566,id_25aa5174e,GGAAAGCGCGGGACAGCAGACCCUGCAGUCAGCUUACCGCAGACACACAGAAGUCCGCGUCCAGGGCCGGUAGUGUUCGCACUACCAAAAGAAACAACAACAACAAC,107
567,id_25bd0e174,GGAAACGCGAAAGCGAGAUCAUCGCGAAACGCACUCGAAACGAGCUUGAUCAAAGAUCAAGGAUGAUCGGUUUGCUUCGGCGGACCAAAAGAAACAACAACAACAAC,107
568,id_25cc5e7ca,GGAAACGGGCGGCGAAACGCGGAAGGCGGGCGGAAAAAUAAAAACGCCGGCCGAAGCGAUGCCGCCCGGUCAGGUUUCGAUCUGACAAAAGAAACAACAACAACAAC,107
577,id_261fb6031,GGAAAGCGGCUCGCGCGGCGAGCGGGUUAGCGCGCGGACGUAGAUCGGACGCGCGCACACCGCGAGCCCCUGAGGUUCGCCUCAGGAAAAGAAACAACAACAACAAC,107
578,id_263c528f2,GGAAAAGGUAAGGAAUAAUGGGAGCUGGAAGAACGGAACCAGACUUGCGAGAGUGGGAAACUAUUCAAGAGAUGCUUCGGUAUCUCAAAAGAAACAACAACAACAAC,107
581,id_2672757fd,GGAAAUAAAACAUAACUCACGCCGUACUCAAUCCUCUGAGAUAAAAUCAUACCAAACCAGAGACCCGCAUUCGUGUUCGCACGAGUAAAAGAAACAACAACAACAAC,107
586,id_26cf4764d,GGAAACACAGGUAAAAGCGUUCAAAGGACGUAGCAGGUGAAUAAAAGCGUCGAAUAAAGAUGCAAAAAGAUAUUUUUCGAAAUAUCAAAAGAAACAACAACAACAAC,107
592,id_272c8e52a,GGAAAGCCGGCGGCGCGAGAAGCGCACGGUGUGCGCGACGCAGGGCGAGAUAGGCGCCCGCAGCGCAGGCGGUAUUUCGAUACCGCAAAAGAAACAACAACAACAAC,107
595,id_275cd6d6a,GGAAACAUCGGAAUACUAAGACAACUGAGAUGCCAUUUAUUCGUAGAUCUAGAUUAGUUAGUCUUUAAGUCACAGUUCGCUGUGAUAAAAGAAACAACAACAACAAC,107
602,id_27f4f21b9,GGAAACGUUCUCCACUCAAUAACGAGUAGCGCUCCCGCAAUAUCGAUCUAUGGCAGACACAGGUAUUGGUCCACGUUCGCGUGGACAAAAGAAACAACAACAACAAC,107
617,id_29277e7d6,GGAAACGCCGACGCCCGCCACCCAAAAAGGGAAAAAGGCGAAAAAGCCGGAAACCGGCGGGCGCGGCGGCGGUGCUUCGGCGCCGCAAAAGAAACAACAACAACAAC,107
626,id_29b9f9617,GGAAAAUGUGGCUCUGCACGGCUAGUAGUUUGUGGCUCGGUUCUGUUGAGAUUAUGGAUACUACCCAAUCCGACGUUCGCGUCGGAAAAAGAAACAACAACAACAAC,107
634,id_2a3f057af,GGAAACUUAAAAGAAAACAAAAGAAAACAAAAGAAAACAAAAUCUCUCUCUCUUGCUCUUGUGCGCUCGCUGGCUUUCGGGUCGGCAAAAGAAACAACAACAACAAC,107
638,id_2a9950bb9,GGAAACAAAAACUAAAAUAGAAAAUGCCAAAAGACAAAGUAAACUGGAAACAUCAAAUAUAAAAGUUGGUUUUAAUUCGUUAAAACAAAAGAAACAACAACAACAAC,107
644,id_2adcc95ee,GGAAAAGAAUAAUAACAUAUAAAUAAAGAAAUAAAGAACAAACAAAAGAAAAACAAACAAAUAAAGAAUGUUAUGUUCGCGUGGCAAAAAGAAACAACAACAACAAC,107
654,id_2ba9bc619,GGAAAUGAAUUAAAUCCAGUCUGACGUGCUACCGUACGAGGAAUAAUUAGUGCGUCGCUGGGAUUUGAGCCGCUAUUCGUAGCGGCAAAAGAAACAACAACAACAAC,107
655,id_2bbaa3937,GGAAACCGGCGAAAGGCCGGCGGACACGCGCCUAGCGGCCGGCCGAAACGGACCGAAGCCGCCGCCGGCCUGUGCUUCGGCACAGGAAAAGAAACAACAACAACAAC,107
657,id_2bcc7c0f1,GGAAACGUGCGGGCAGGGCCACAGGUGAGGUGCGGAACGCGGCUCACCAUGAGGCCGUGGCGGCACGAGUGAUGGUUCGCCAUCACAAAAGAAACAACAACAACAAC,107
659,id_2bd8b6504,GGAAACAUAUAUAUAUAUAUAUAGGAGCGGAGAGAACGCGAUAAUAACUAUAUAUAUAUAUAUAUGGACAUAGGGUUCGCCUUAUGAAAAGAAACAACAACAACAAC,107
662,id_2c39296b7,GGAAAGGUAUCGUGUAUAUUAUAUGAAACGUGUAGUGUGCGCGAUAUAUCGAAAGGUGUGUCGGUAUCCCGAACCUUCGGGUUUGGAAAAGAAACAACAACAACAAC,107
670,id_2cd1a3b81,GGAAAACGAAGAGAAAGAAUUUUCGGAUACGGAGACGUAUUAUAGGGAGUAUAUAAAAAUAUACAAAACUAUUUGUUCGCAGAUAGAAAAGAAACAACAACAACAAC,107
676,id_2d30ff016,GGAAACCGGACUAUUGAAUCCUGUCAGUUUUAUGAUAGGGCGAUUUGUGUAGCAUUGCUGAGGCGUCCGACGAGCUUCGGCUCGUCAAAAGAAACAACAACAACAAC,107
683,id_2da346b3f,GGAAAAUAACGCUAUAGGAAGAAACUAUAGCGAGUAUGCGAAUAUACGCGAGAGGCGAAAGUGUACAACGAGGCGUUCGCGCUUUGAAAAGAAACAACAACAACAAC,107
690,id_2e038da46,GGAAAUAGCAACUUUGCACUCUGGAAUAAUAUCACGGAGAAUCAAUCUAGAGUAGAGAUUGGUCGAAAAAUUGGCUUCGGUCAGUUAAAAGAAACAACAACAACAAC,107
693,id_2e63221b6,GGAAAAUGCACAAUCGUUUUUAAAGGUCAAAAUUUUAGAGAGAGAGAGAGAGAGAGAGAGAGAGAGAGUACGUAGUUCGCUACGUAAAAAGAAACAACAACAACAAC,107
695,id_2e7a33854,GGAAACGCGCGCGCUCGCCGCGCGGGCCGUGCCUGAGCAGGCAGCGGGCGGGCGCGCCUCGCGCCCGCAUUCAGGUUCGCCUGAGUAAAAGAAACAACAACAACAAC,107
703,id_2eda4406c,GGAAAUUUGUAUGGAAAAGUGGAAUGUGAGAGGAAAAAUAAAAAUUUUGAUGGAAUAUAUUAUGCGGAGUCAGGGUUCGCUCUGACAAAAGAAACAACAACAACAAC,107
719,id_2fd4fdcff,GGAAAGACGGCUGUCGAAGAUGUUGACGGAAUCGUGGGUAAGUAGUCUUUGGGAGGAUUAGGGUGGUCGAGCCCUUUCGAGGGCUCAAAAGAAACAACAACAACAAC,107
720,id_2fe0794e9,GGAAAGUGAGAGAGAGAGAGAGAGGGAGAGAGAGCGAGAGAGAGAGAGAGAGAGGAGAGGGAGGGAGAGCCCGCUUUCGAGCGGGCAAAAGAAACAACAACAACAAC,107
723,id_2fe9ee961,GGAAAGAAGUAAUGUACAGUGAAACACAGUAUUAAAAGGUGAAGUGAAACACAGUACAGUGACAAGAAGUGCCGCUUCGGCGGCACAAAAGAAACAACAACAACAAC,107
725,id_3009bdc5a,GGAAAAAUAUGAGGAAUCGAAAGACCAAACAUAAGUCAAGGAGAGAAAAUCAAACCGACAAAGAAAAACCCACACUUCGGUGUGGGAAAAGAAACAACAACAACAAC,107
726,id_30117d130,GGAAACUUAAAAGAAAACAAAAGAAAACAAAAGAAAACAAAAUCUCUCUCUCUUGCUCUUGUGCGCUCGCCCUUCUUCGGAAGGGCAAAAGAAACAACAACAACAAC,107
734,id_3095efb6d,GGAAAUACAGACAAAAGUGAUAGAAAUACACAGUAGGUAAAAUAAGCGGGAGAAUAAAUUUUGAGUAUGAUAAUUUUCGAAUUAUCAAAAGAAACAACAACAACAAC,107
737,id_30e4baa8b,GGAAACCACAGGCCCAGGAAGCGGCAGGAACACAAAUAGUGUACCGCAAAGAACGCAAAACCAAGGGAGCCCGGGUUCGCCCGGGCAAAAGAAACAACAACAACAAC,107
740,id_311ab93a1,GGAAACAUCGAAUGUAUAAGUCAACUUGCGUGCCAUUCAGAGAUGGAUGUAUCUGAGUUAGACUUGAAGACACAGUUCGCUGUGUUAAAAGAAACAACAACAACAAC,107
744,id_316caf569,GGAAAACGAACGAGAAAAAGAGGGAAAAGGAAAGAAAAACAAAAAGGAAGAAAACAAAGGAAAAAGCACGCUAGCUUCGGCUAGCGAAAAGAAACAACAACAACAAC,107
781,id_33920944d,GGAAAUUUUUUUUAUUUUGAAAUAAAAGGGUGGGAGGGACGGUGAGGAGUGAAAUAAAAAUUUGUUGCGUCGGGUUUCGAUCCGACAAAAGAAACAACAACAACAAC,107
783,id_33b754424,GGAAACAAGGCCGGUUCGCUCAUUCUCAAACACUCGAAUAAGAACCGCAGAUCAUUCUCUGACCGCGGCUGGACGUUCGCGUCCAGAAAAGAAACAACAACAACAAC,107
789,id_34286a9d3,GGAAAACAGCGGUCCCAACAAACCAGAUCGCCUCGAGACCGAGAGCACGGCGAACACCACCACCGCCACGAACUUUUCGGAGUUUGAAAAGAAACAACAACAACAAC,107
792,id_3453672f8,GGAAACAUAUCAGAUCGGCAUUUACUAUACGGAACCAUUACACCCGCAGGACAACCAGGAUACCUAGAGUGUGUGUUCGCGCGCACAAAAGAAACAACAACAACAAC,107
794,id_345bc28db,GGAAAGGGCGGGCGGGCGCCGCCGCCGCCGGGACCCACCCAAGGGCACCCGGGCCCGGGCCGGGCGGCCCUGGCCUUCGGGCCAGGAAAAGAAACAACAACAACAAC,107
795,id_3467ded35,GGAAAGAAUACGAUCAUACUAUUAGGAAUACACCACAUCCCGUCCGAUCUGUGAAGUUAAGCCUGAUCGGGUCCGUUCGCGGACUCAAAAGAAACAACAACAACAAC,107
800,id_34e165769,GGAAACCAUACGAAGUGUGGAAAGAAAGAAAAGAAAACACACAAAGAAAAAGUAUGGGAAAGAACCAGUAUACGUUUCGACGUAUAAAAAGAAACAACAACAACAAC,107
801,id_34e61c356,GGAAAUAAGCGAUCAAUAGCUACGAAAAGUAGCACAAUAACACUCGAAAAGAGUGAUAAGAUCGCAUAUAAGUCGUUCGCGACUUAAAAAGAAACAACAACAACAAC,107
811,id_3593aefb2,GGAAACAAAGCUAUAUACAAAACAUGAAAAAUGAAAAACAUAAAAUGGCAUGAAAAUGAGUAUAUAAGGUAGAUAUUCGUAUUUGCAAAAGAAACAACAACAACAAC,107
813,id_35b624df6,GGAAAACAAGAGACUAGAGAUGGGUCUAAAACUGACCGAACAUUAAAUCCAGGCUGUACCUCACACGCGGUCAAGUUCGCUUGGCCAAAAGAAACAACAACAACAAC,107
815,id_35d2c86cc,GGAAAACAGGGUUAGCUUGCUGGCUACUUGCCCUAUGUACUGAUGUGGCAUUGUCUUAGUGCUAAGGACUGUCCGUUCGCGGACAGAAAAGAAACAACAACAACAAC,107
816,id_35fea2050,GGAAAAGCUCUCUACGUCGGACGACAAUAAGUGGUGCGACAACACAGCGAAAGCUGUGGUAGAGAGCAGCGCUUGUUCGCAAGCGCAAAAGAAACAACAACAACAAC,107
844,id_37e7be610,GGAAACGCACGGGCAGCACACGCAGCGCGCGCGGACUCGGCAGCAAGUCGAACAGACGAGCGACGAGGUAUUAUAUUCGUAUGAUAAAAAGAAACAACAACAACAAC,107
850,id_38378ae18,GGAAACCGAGGAUACUUACGGCAACGUCUUGACAGAGGUGGAUACACGAGGAUACUCCGCACAGCGGGCCGCCUGUUCGCGGGUGGAAAAGAAACAACAACAACAAC,107
854,id_389d00ced,GGAAAGCGAAAGCGGUGGAAAUAAAUAUCAAGGUGGAAAAUAAUAUCAAUUGGAUUGAAAAGAGACGAGUGUGUGUUCGCACAUAUAAAAGAAACAACAACAACAAC,107
856,id_38c1774d5,GGAAACUACAACAACAUAACAACAACAAUCAAACAAUACAACAAACAAACAACAAUCAACACAACAAACCGGGCGUUCGCGCCCGGAAAAGAAACAACAACAACAAC,107
869,id_3951b512f,GGAAAAGUAUCAGUGCCCAGCUCACACGACACUGCAACACAAGAUACACAUGAACCACACGGCAUGAAGACAUACUUCGGUAUGUCAAAAGAAACAACAACAACAAC,107
870,id_3998a391b,GGAAACCCUAGCUCAGUGGUAGAGCGUCGGACUUAAAAUCCGAAGGCGCGGGUUCGAAUCCCGCGGGAGGACCGGUUCGCCGGUUCAAAAGAAACAACAACAACAAC,107
872,id_399e7a56b,GGAAAGACACCAUGGGACACCAUGGGACACCAUGGGACACCAUGGGACACCAUGGGACACCAUGGGACGUCGUAGUUCGCUACGACAAAAGAAACAACAACAACAAC,107
904,id_3bcead533,GGAAACGACAAGCUCGGCUAGCUCGUAGGGCUCUACCGCGGGAGUACCGCCACCCACAUGGACGUGUGCCAGGACUUCGGUCCUGGAAAAGAAACAACAACAACAAC,107
914,id_3c55e48fb,GGAAAGGAUGAGGUAAAUAUGUGUCAUCGUCUGAGUAUGGAACAAUGGACGGCGGGAGAAGUCUUGGCGCGGGGGUUCGCCCCCGCAAAAGAAACAACAACAACAAC,107
917,id_3c79adcdb,GGAAAACGUGAGCAAAAGCUCACGAGCGAGUACAAUACCGCUGAGAAACUCAGCGAAAGUACUCGCAAUAAUUAUUUCGAUAAUUAAAAAGAAACAACAACAACAAC,107
922,id_3ca6cffdd,GGAAAGUCGUCACGACCCGUUUCACCAGAAACAAGUCACGACCACACAAACGUUCACAACGAACAACAGAAGGAAUUCGUUCCUUCAAAAGAAACAACAACAACAAC,107
924,id_3cd578d6b,GGAAAGUAGUGUAGCGCGCGUAACGCGCGCGCGUACGCGCGCGCGUAAGCGCGCCGCGUAAGCGCGUCGGCAGGAUUCGUCCUGCCAAAAGAAACAACAACAACAAC,107
934,id_3da0a3b4a,GGAAAGAACAAGAUCAAAAAAAAAAAGAUCAAGUACAAAAAAAAAAAGUACAAGUUCAAAAAAAAAAAGUAAUUCUUCGGAAUUACAAAAGAAACAACAACAACAAC,107
940,id_3e41017e9,GGAAACGCAGGAGGAGCACGACCAGGAGGAUUAGAAAACAAACACCACGAGCAGGACCACCACGACAGUCGUAACUUCGGUUACGAAAAAGAAACAACAACAACAAC,107
946,id_3ed87cfc4,GGAAAGGGCAGAGGCAGCGGCGAACUAGGAAAAUAAAAUAAACUAGGAGUUGAGGUUUAGGUUCAAAAGUCAUGUUUCGAUAUGACAAAAGAAACAACAACAACAAC,107
956,id_3f6a3e784,GGAAAAAGUACGCACUAGACACAGCAGUCGACAAGACACAGCCACGUCACAGCAGCAAGUACAACACAGAAGUUGUUCGCAACUUCAAAAGAAACAACAACAACAAC,107
966,id_405ae1609,GGAAAAGACGAGGAAAACUUGAAAAGAAAAGGUUCGAAAAGGUACGAAAAAGUACAAGAAAGAACCAAUAUACCUUUCGAGGUAUAAAAAGAAACAACAACAACAAC,107
986,id_418c78f9b,GGAAAGAAUCUAGUUGCGUGUAUGGAAACGUAUAUGCAUAGAUGGAAACGUUUGUGACAGUUGGAUUCCUGUGCCUUCGGGCAUAGAAAAGAAACAACAACAACAAC,107
991,id_41d260a35,GGAAAAAUAAUGGCGAACUCAAGAGCCCUUAUGAUCGCCAGCUGGCCUCGGACGAGCGGCAUAAACGCGUUCUCCUUCGGGAGAACAAAAGAAACAACAACAACAAC,107
1007,id_430be1aaf,GGAAAGCGGCUACACCCGACGUCAUGAGGUCGGUGGCGUAGACGUACUUGAACCUCCAGUCGGCGGUCUCGAGCGUUCGCGCUCGAAAAAGAAACAACAACAACAAC,107
1012,id_4371fb900,GGAAACGCGCGAAGGACGCACGGUUCCGAUAUAGGAAAGGCGAUAAGCCUACGUGAUCCUCGCGCGAAGCUCUAGUUCGCUAGGGCAAAAGAAACAACAACAACAAC,107
1023,id_444490add,GGAAACAAGAGCAAGCACACCGAGAAACUCGGAAACCGUACGAAACGUACGAAACGUGCAAACUCAUACAAUAUAUUCGUAUAUUGAAAAGAAACAACAACAACAAC,107
1024,id_444978315,GGAAACCAAAGAUUUCACGAUGCAGAACGCUUCCAGCAUCAUUGAAACAUAACUCAAAACUGAACCGAGUUGGACUUCGGUCCGGCAAAAGAAACAACAACAACAAC,107
1025,id_445435ef2,GGAAACGCGCGCGCUCGCCGCGCGGGCCGUGCCGCGAGCGACAGCGCGCGGGCGCGCCUCGCGCCCGCUGUCUGCUUCGGCAGAUAAAAAGAAACAACAACAACAAC,107
1031,id_44d4b8729,GGAAAGGGAUGCCCAGGAUUAGCCGGGAGACUAAGGGCGGCAUUGGCGGAAAGGUUGAUCAAGUAUGAGUAUGUCUUCGGACAUGCAAAAGAAACAACAACAACAAC,107
1044,id_45d8db08b,GGAAACACCCGCGGACACUCCAGCGUUACGCGGUGGACUCACACAAUCCACAAAGGAGUGGACGUGGAGCGACGCUUCGGCGUCGCAAAAGAAACAACAACAACAAC,107
1045,id_45d9d2280,GGAAAUUACUGGCUCGACAGGAAAGGAUGGCUGGAAACUAGGCAUCUAAUAAACUGGAGAGGCAGAAAGGAGUGGUUCGCCACUCCAAAAGAAACAACAACAACAAC,107
1046,id_45dba7199,GGAAAGAUACAGCUGAGGAGAAGAACUCUGCAGAGGAAACUCUGACAGAGGAGACUCAGAGAGGUAUCCUGUGCGUUCGCGUAUAGAAAAGAAACAACAACAACAAC,107
1049,id_46452ae75,GGAAAGCUGCGGAAAAGCGCGGCGCUUAGACAGGAGCCUCCUGGAGCGAGAAUUUCUCGACGCGCAGCGUGAGUGUUCGCACUCGCAAAAGAAACAACAACAACAAC,107
1051,id_465ffdbdd,GGAAAAACACCAAGUCGACCAGCACGAAACGGCAAAAGGGAAGACAACAACAGGUGAAAACAACAAAAGUUGAACUUCGGUUCAACAAAAGAAACAACAACAACAAC,107
1057,id_46d9cce33,GGAAACGAUCUCUCUCGCUCUCUCGCGCUCGCCUCGCCGCGGCUCUCGCUCUCUCGCGCUCUCUCGCGGGGACUCUUCGGAGUCCCAAAAGAAACAACAACAACAAC,107
1063,id_47519d856,GGAAAACACUGUCGAAGUCUCAGAGGAAGAACUCAAGAGGAAACUCAGAAGAGACGAAGACAGUGAAACUAGUACUUCGGUACUAGAAAAGAAACAACAACAACAAC,107
1065,id_47781df55,GGAAAGUCCUACUGCGGAGUCGAGAGGCUCCUCUGACGCGAGAGUGGUAAGAAGAGGCGGUAGGAUAAGUCAUGGUUCGCUAUGGCAAAAGAAACAACAACAACAAC,107
1071,id_47c695a36,GGAAAUACGCAUAAGAUAGAAAAAUAUCAAUAUCGCACGAUAUUAUAGAAAAAUAUAUAAAACUAUCGCGAAUGGUUCGCCAUUCGAAAAGAAACAACAACAACAAC,107
1079,id_488770fcf,GGAAACAUCGAGAUCACUGCGAAGGGAGACUCGGCAAAGCGGAGGAGGUGAAGAGCUAGAUCGAGAUGCGAUGGAUUCGUUCAUCGAAAAGAAACAACAACAACAAC,107
1089,id_49281b64f,GGAAAGCCCGCCGAAGGCUGGAUACCGGACAGAGUCGCGAAACGCCACAAAGUGAGGGAAACCCGGGCGUGGGAGUUCGCUCCCGCAAAAGAAACAACAACAACAAC,107
1091,id_493ddffdf,GGAAAUGAAUUAACCAAGAACUAAUUAGUAACGCUUUGAAUAAAGAACAUACCCGCCCUAAUAUUUGAACUGGUUUUCGAGCCAGUAAAAGAAACAACAACAACAAC,107
1094,id_4961df203,GGAAAGUAUCGAAAGAUACCUACACGCCUAGAAACUAGAGUAUAUAUCGAAAGAUAUAUACGUGGUAGCGCUAGGUUCGCCUAGUGAAAAGAAACAACAACAACAAC,107
1098,id_499db7d53,GGAAAGACGAUAUCGAUACGACGAUACGAAAAAGUAUCAGUCAAGUAUCAAAAGAUAUCAAUAAAGUCGAGAUACUUCGGUAUCUCAAAAGAAACAACAACAACAAC,107
1103,id_49e8d07c0,GGAAACAAGAGUGAUAGCAACGAGAAACUCAAAACGCAGACGAAACGUCUGCAACGCUAUCACUCAUACGCUAUAUUCGUAUAGCGAAAAGAAACAACAACAACAAC,107
1107,id_4a042fd8e,GGAAAUUGCAAGAGAACGAAGAUGACAAGGAUUCACUAAACCAGGAACAAAGGACCAGCAUAGCAAGCGGCAUGGUUCGCCAUGCCAAAAGAAACAACAACAACAAC,107
1119,id_4b18f6005,GGAAAGUGACGCGCAUGGAAACAUGAAGCAGUGACGUGCGAGGCAGCGAAAGGUGCGUCAAGCACAUAGCGCUCCUUCGGGAGCGCAAAAGAAACAACAACAACAAC,107
1130,id_4b9e2063e,GGAAACGGCAACGGAUUUUGGAGGAGGGAGAUUGGUUGCGGAGUAUGUCGUGAUACAUUCAAACGGACGGGACUCUUCGGAGUCUCAAAAGAAACAACAACAACAAC,107
1136,id_4c46701cc,GGAAAGCAUAUCGAUGGAUAGAGCGUAUAUACGAAGGUAUAUACGCGAUGCGCCGAUGGGCGCAUCGCGUAUGCAUUCGUGCAUACAAAAGAAACAACAACAACAAC,107
1137,id_4c5cfa195,GGAAAAGGUAACCGUCUCGCAACCGUUUCGGACGAAAGUCCCACGGUUCCAGACGAAGUAAAUACCAAAUCAUGCUUCGGCAUGAUAAAAGAAACAACAACAACAAC,107
1141,id_4cd80f9f0,GGAAAAGAUAUCGAAUAAGAUAUCGACACGGCGACGAGAGGGAGGCGUGGAGAUACGAGAGGUAUCGAGUAUGGCUUCGGUUAUACAAAAGAAACAACAACAACAAC,107
1144,id_4cf4b36bb,GGAAAGCGGAAAUAAAAAUAAACGCAAUAGCGAAAAUAAAUAGGCAAAGGGAAAUAAAAUAAAACCAAGCUAAACUUCGGUUUAGCAAAAGAAACAACAACAACAAC,107
1149,id_4d6f49158,GGAAAUCUUAAGGGUAUGAAGUGUAGGUUUGGGACGGGAAAAGUUUGAGGAAGCUCGGGUGUUUGCGAGUGCGGCUUCGGCCGCGCAAAAGAAACAACAACAACAAC,107
1160,id_4e1926f86,GGAAAUAACACCAGGAUAGAAACUAUCGAUAUUCGAAAGAAUAUCCUCACCGAAAGGGAGCUGAGUGAGCAUGACUUCGGUCAUGCAAAAGAAACAACAACAACAAC,107
1161,id_4e4aaa36e,GGAAACAUGCGCUCUGUCAUGGUGGGACCGCCGUCCCACUAUGACGGGUGAGGGCCCACCCUCAUCCCGAUGAUAUUCGUAUUAUCAAAAGAAACAACAACAACAAC,107
1163,id_4e76b9c96,GGAAAGUAAUUGAAUCAUAAAAAUGACAAUGUAAUAAAAAUUACCUUAUAAAUAAUAAUUUAAAUAAGGCGUACGUUCGCGUACGCAAAAGAAACAACAACAACAAC,107
1172,id_4f02106e3,GGAAACAUAUGAUAUAGCGGAGACGCAUAUACGAUAAUAAUAGUAUAUGGAGAGAGAAUAUCAUAUGGAUAUGCGUUCGCGCAUAUAAAAGAAACAACAACAACAAC,107
1186,id_4ff6bf2db,GGAAAAUGGUAUGGGAAAAACUGGUAGUGUCUUUGUGGAGGUAAAAUGUGCGGGAAGGAAGAAAAUUCGGGGCGGUUCGCCGCCCCAAAAGAAACAACAACAACAAC,107
1201,id_51608b260,GGAAAAGUCGCUCGGAAGAUCGGCCGAAAGCGUGGAAGGCGCGAAAAGGCCGAUCGAACGAGACGACAGAGCCUCUUCGGAGGCUCAAAAGAAACAACAACAACAAC,107
1205,id_517d45098,GGAAACGGCACGGAACCGCGUGAAGCGCUGGCAGGAAAACUGUGAAAGGCGCAGUGUGGGAACUGUGACAGUACCUUCGGGUGCUGAAAAGAAACAACAACAACAAC,107
1214,id_528a78142,GGAAACAUGUUCUGGGUAUCAGGCGUGCUUAUAGUUGUCUAUGGCCUCAUGAACAGAGGUGUUCAUCGCAGCUCGUUCGCGAGCUGAAAAGAAACAACAACAACAAC,107
1218,id_52bb85967,GGAAACCAGGUGCGCUCUACACAGGAGCAACACACACCAACCCGGCACACCCGGGAGCGCCUGAAGCGAGUGUCGUUCGCGAUACUAAAAGAAACAACAACAACAAC,107
1221,id_52f27297a,GGAAAGAUCGGGCGAAAACCGGUCAGUACCGCACGGGUCAGGCAAGACUAGACCAGAAACGGCGGGAAGCAAACCUUCGGGUUUGCAAAAGAAACAACAACAACAAC,107
1229,id_534b8a458,GGAAAAGCUGCACUUACUAACAAUGUUUAUAUAUAUAUAUAUAUAUAUACACACACACACACACACACUACAUGCUUCGGCAUGUAAAAAGAAACAACAACAACAAC,107
1232,id_53ccbe2d6,GGAAAGACGCGCUCACUCGAAAAAUAGAAGAGCCGUCCGUCGACGUCGAUACAUACUAGACGUCGACGGCUAUGGUUCGCCAUAGCAAAAGAAACAACAACAACAAC,107
1238,id_5434bb464,GGAAACCGCCAGGACACCCAGCGCGACCAGUUGCCGACCACACGUCCACAACGCAGGCCCAACCCGCACUAAAACUUCGGUUUUAGAAAAGAAACAACAACAACAAC,107
1241,id_546ff040e,GGAAAGCCCGCCGAAGGCUGGAUACCGGACAGAGUCGCAAAAUGCCACAAAGUGGGCGAAAGCCGGGCGUGGCUGUUCGCAGCCGCAAAAGAAACAACAACAACAAC,107
1242,id_547e9a535,GGAAACGCGCGAAGGUGCAACGACGCAAAGCGAUGAAUCAGGGAAACCCACGUGCAACCUCGCGCGAAGGUCUAGUUCGCUAGGCCAAAAGAAACAACAACAACAAC,107
1249,id_54a6db2e4,GGAAAGCGCGCGCACUAGAAGCGAAGGCCUAGGCGCGAUCCUAGGUCGAAGGACACUAGAGAUCGCGCGAUGGGCUUCGGCCCAUCAAAAGAAACAACAACAACAAC,107
1259,id_552b2b233,GGAAAAUAAAGAACUAAAUACUCAAACAAAAUCAAGACCUAAUCAAAGCGAAACUGGAACAUCUACGAGCUACUAUUCGUAGUGGCAAAAGAAACAACAACAACAAC,107
1267,id_559e8e345,GGAAAUAAAAUGAUAAACUAAAAAUAGUAAAAUCAAAAAUAAAAAGCAAUGUAAAAUAACAAUGUAAACCGAUUUUUCGAAAUUGGAAAAGAAACAACAACAACAAC,107
1302,id_585e3ff17,GGAAACAGAUCGCAACACGACACGAUCAAAGCAUCAAAGAUGCACCGAUCGCAACGUGCAACGAUCACCGCUAUCUUCGGAUAGCGAAAAGAAACAACAACAACAAC,107
1308,id_58b9d9ac3,GGAAACAACAAACAAAACAAAACAAAACAAAACAAAACAAAACAAAACAAAAACAAAACAAAACAAAAGGGCCCAUUCGUGGGCCCAAAAGAAACAACAACAACAAC,107
1312,id_58fc976c5,GGAAAGGAAACGGCCCGGAACGGGAACGCGGGAAGGGUAAUCCCACCCGGCCAAGGCCGAGGACCCGGCCCCUACUUCGGUAGGGGAAAAGAAACAACAACAACAAC,107
1315,id_592a20e0f,GGAAAGAAAGUACAAAUAGAUACAUAGAUUAUCGACCGAAAAUGUAUAGUACUAUCACGUACUAUCGCCCUUAAGUUCGCUUAAGGAAAAGAAACAACAACAACAAC,107
1316,id_59349b42e,GGAAAUAAUAACCUAAGGUAAGGAAACGAAAAAUCCGAGUAAAAGUAAUCGGAGGACGAAAACCUAGAGUGUGUUUUCGGGCGCACAAAAGAAACAACAACAACAAC,107
1321,id_595796aa5,GGAAACCUAUAGGGUUGUAACAGCCAAAGGCACGAAGGUGACCACAACUCAAAGGAGGAAACUAUAGGCGAUAUGUUCGCAUAUCGAAAAGAAACAACAACAACAAC,107
1324,id_598272cd5,GGAAACCAGGUGCGCUCAACACAGGAGCAGCGCGCGUGAACCCGACACACCCGGGCACGCCUGAAGCGAGUGCCGUUCGCGGUACUAAAAGAAACAACAACAACAAC,107
1325,id_5984001e6,GGAAACAGGCAGAAACUGGGUCAAACUGGGAUACAAAGUAUCAAACAGGGACAAACAGGCUGAAACUGGCGGAUGUUCGCAUUUGCAAAAGAAACAACAACAACAAC,107
1331,id_59cd1aeaf,GGAAAAGUUCACAGCAGCACAGCGAGCGAGGAGAACAAAAAGACCCGCAACACAGCCAGAGAGUCAAAGAGUAACUUCGGUUACUCAAAAGAAACAACAACAACAAC,107
1343,id_5a89aa84a,GGAAAUGACGACGAGGACUUGCGUGGAGUGGUAUCGAGAGAUAUCAGUCCACUCAGGUUCCGUCGUCAGAUGUGCUUCGGUAUAUUAAAAGAAACAACAACAACAAC,107
1345,id_5a9cd4a0d,GGAAAGCACGAAAGUGCACAGUAGAAGCGAAAGCAAGCGAAAGAGUCAAAGACUCGAGCCUACUGAAAGUUCGACUUCGGUUGAGCAAAAGAAACAACAACAACAAC,107
1348,id_5aab3e5c4,GGAAACAUACCAUACCAUACCAUACCUAUCCGAGAGGGAGAUAGAGUAUGAGUAUGAGUAUGAGUAUGAAUAGGCUUCGGCCUAUUAAAAGAAACAACAACAACAAC,107
1354,id_5adefabd4,GGAAAAAGCGCGCAAGCGAGUGCAAAGCACUCGCAAACGAGCGAGCAAAGCUCGCUCGCAACGCGCAACAUUGGCUUCGGCCAAUGAAAAGAAACAACAACAACAAC,107
1359,id_5b38d7471,GGAAAGCGGAUAUGAGCGUUGCAUCCGUUUGUACCGGGUGGCUGCACGAUUUAUACUAUUAGUCAUUGCCUGACGUUCGCGUCAGGAAAAGAAACAACAACAACAAC,107
1360,id_5b3ba31c5,GGAAAACCAUGGACCAUGGACCAUGGACCAUGGACCAUGGACCAUGGACCAUGGACCAUGGACCAUGGCGUGUAGUUCGCUACACGAAAAGAAACAACAACAACAAC,107
1368,id_5baf0782a,GGAAAGUGAAACACAAAACUUCGUACAAUAUACAGCUCUAACCGAGAGAGAGGAACGCCACAGGUGAAGAUAGUCUUCGGAUUGUCAAAAGAAACAACAACAACAAC,107
1376,id_5c7f92646,GGAAAAGGCCGAGAUCGGGUGUACUGAUGGAGCGGUAGAACCGCCGGUUCGCGUGAAUCAGAGGGACCAGAUACAUUCGUGUAUCUAAAAGAAACAACAACAACAAC,107
1379,id_5cbff5edc,GGAAAUAUAUUUACAUUAUCUGCAUCGGGUUAAUCCAGUGGUGUGAUUGCCGCGGGUGUCAACGUGGCCAGUCCGUUCGCGGACUGAAAAGAAACAACAACAACAAC,107
1398,id_5e5dddb69,GGAAAAAGGUCACUAGCAAAAAGACUCAAAGAGUCAAGAGUCAAAGACUCCAACAAACUAGUGACCAAUAUAUGCUUCGGCAUAUAAAAAGAAACAACAACAACAAC,107
1400,id_5e90af053,GGAAAGCUGCGAGGGAACCGAAAGCGAAAAGUGGCAAAGUGGCGAAAAGCGAAAGGGAACCGAGCUGCCCAACGCUUCGGCGUUGGAAAAGAAACAACAACAACAAC,107
1401,id_5ecb2e07c,GGAAAUACUUACAACCAAGAUGAGUUCACGUGAAAGUCUGGUAACCUCCGUAACCGACGCACGGAUUCGAGUGCGUUCGCGCACUCAAAAGAAACAACAACAACAAC,107
1405,id_5efef2381,GGAAACGUACUAGAAUUAUUCAUGAAUGUAACUAAAUAGCAAUAAUAAAUAAUUGGAAUUAUUAUAAACUAUACCUUCGGGUAUAGAAAAGAAACAACAACAACAAC,107
1406,id_5f0e991fb,GGAAAGCGGACCGAAAAAGGUACGGAUCGAAGACAAUGUCGAAGAUCGGUACCGAAAAAGGGACGCAAGCCCGUGUUCGCACGGGCAAAAGAAACAACAACAACAAC,107
1427,id_60ea89310,GGAAAAUGGAAAUCGUGCUUCAAGUGUAACUGUCAAAGAUAGAGAUACAGGAAGCAAGGAUAGCUGUGCAUAUAGUUCGCUAUGUGAAAAGAAACAACAACAACAAC,107
1431,id_612882315,GGAAACCCAACCCUAAUAGGGUCGUAGGCUGCCUAUAAACGUCGGAUGUUGCUGGUAUUACCAGAGGGGCCCCACUUCGGUGGGGCAAAAGAAACAACAACAACAAC,107
1432,id_614b94f40,GGAAACUCGGGCUCGAGCUCGGGCUCGAGCGAGAGCUCAGAAAAUCUGAGCUCGAGCUCGUGCUAGAGCAACAUGUUCGCAUGUUGAAAAGAAACAACAACAACAAC,107
1433,id_6150da5b3,GGAAAACAAGAGAAGGAGGGAAGGAGAGAGAGGAGAGAAGAGAAAAGAGAAGAAAGAAAGAAAAACAAGGACCACUUCGGUGGUCCAAAAGAAACAACAACAACAAC,107
1437,id_6184b26b0,GGAAACGAUGAGUAUAAAAUACCUACAAAAAGUAGCUAUGAAAAAUAGGAUAUAAAAUAUCAUCAUCGGCUUUGGUUCGCCAAAGCAAAAGAAACAACAACAACAAC,107
1439,id_6199ba748,GGAAACGAUCGAAAAAGGAUUGACGAAACUAAAGGACGAGGAAACACGCGGUAGCAAAGAGAUGGCGAGGAUAUCUUCGGAUAUCCAAAAGAAACAACAACAACAAC,107
1449,id_629f355f1,GGAAACGGGCAAAUUAUUUGAUUGUGGUUUGAGCCUUUUGGCUUGGGUUGUGGUCGGGUAAUUUGCCCCCUUUGCUUCGGCAAAGGAAAAGAAACAACAACAACAAC,107
1455,id_63054f3ba,GGAAAAAGCGCGCCCAAUAAAGAUCACGAAACGUGAUCGACCCAUACGAAACGUAUGAAAGCGCGCAAUACGUAUUUCGAUACGUAAAAAGAAACAACAACAACAAC,107
1472,id_646884c91,GGAAACCGGGAACGGGUCGGGCCGAGAGCGGCGACCGCGCUCGCGGACCCGACGCCGCAUCACGCGGCGAAUCUCUUCGGAGAUUCAAAAGAAACAACAACAACAAC,107
1483,id_651ca45dd,GGAAAUUGCAAGAGAACGAACAUGACAAGGAUUCAGUGGGCGAGGAACAAUCGACCAGCAUAGCAAGCGGCGUGGUUCGCCGCGCCAAAAGAAACAACAACAACAAC,107
1484,id_652613a0b,GGAAAGGAACUACGGCAACAGCGACGGCCGCGGCGGCGGCGGCGGCCGCGGCCACAACGACUGCAACACGGCUCGUUCGCGAGCCGAAAAGAAACAACAACAACAAC,107
1490,id_654ccdb48,GGAAAGUAGUAAAAUAUUGCAAGUAAGAUGGAAACACUAUGCAGCCGGAUGUGAAAAUAGAUGCGCAAGAUAAGCUUCGGCUUAUCAAAAGAAACAACAACAACAAC,107
1497,id_65b39c177,GGAAACCUGGUAACCAGGACCGCACAUCAAGACCACGAUUAUAUUGACGUAAGGGCAAAGCUCGGCGGGAAUCGUUUCGACGAUUCAAAAGAAACAACAACAACAAC,107
1499,id_65f243359,GGAAACUCCUACCUCGUCAUUUUCGCGUCUCGUGUAUACAUACACCUCAACUCCUUGGAGCUUGUCACUGGCGCGUUCGCGCGCCAAAAAGAAACAACAACAACAAC,107
1501,id_6625df6b6,GGAAAGUACGAGAGGUACAGUAUCGGGAAGCCAAGCGAAGGCAGAUACAGUAUGACGAGAGGCAUACACCAAUACUUCGGUAUUGGAAAAGAAACAACAACAACAAC,107
1502,id_663bf9c4b,GGAAAACGGACGAAGGCCGAGAUAUCGAAUAAUAGUACGGGCGAGAGGCAAAAGUACGAGAUAUCAAACAUGAACUUCGGUUCAUGAAAAGAAACAACAACAACAAC,107
1507,id_667f04c50,GGAAACAACAUGUUCGACAAAACGAAACACCGGGCCCGGGCCCACAAAUUCGUGGGCCCGGGCCCGGAGCGCCGAUUCGUCGGCGCAAAAGAAACAACAACAACAAC,107
1511,id_66da560a5,GGAAAGGUGCGAAAGUAUCGAAUAGCUUGGAAACUAGGCAGGUGUGUCGAAAGAUAUAUUUGCUGUUCGUACAUCUUCGGAUGUGCAAAAGAAACAACAACAACAAC,107
1513,id_66f32b21c,GGAAACGGUACUAACUGCCGGACCAGACAAAGUCUGGAGCCGAGAAAUCGGCAGUUGCGGAAGCGCACGACCACGUUCGCGUGGUCAAAAGAAACAACAACAACAAC,107
1522,id_679d15d3b,GGAAAGCAUCACUAUGGGAAUGGAAACAUUAAAACUUAUGGGUGGGCAAAGUGUACAGAUGCAAAUACGUUAAUGUUCGCAUUGGCAAAAGAAACAACAACAACAAC,107
1547,id_6914512b3,GGAAAGUCGCAAAGCGACGGCUAAAGCCGCCGCUGAAGAGUGGGCCGAAAGCGGCGCCGUGCGACGGCCCACAGGUUCGCCUGUGGAAAAGAAACAACAACAACAAC,107
1551,id_6985ed544,GGAAAGAUAAUCAGUGAUACGCGGUACUGAUCAAAAGGAUGAGUACGGCAGUAUCACGAAGGAUUAUCGACUCACUUCGGUGAGUCAAAAGAAACAACAACAACAAC,107
1560,id_69f243546,GGAAAGUCAGCUACGUACAGAGACAGACAGUACAUCGAAGGAUGUACGUCGUCUCGUACAGUAGCGACAAGUCAGUUCGCUGACUUAAAAGAAACAACAACAACAAC,107
1564,id_6a35fc0f5,GGAAAAGGGAUUGCUUGGUACAUGAUGUUAGAGGGAGCGGUGUUACCCUUAGUUUCCCGUACUACUCUGAGUCGGUUCGCCGACUCAAAAGAAACAACAACAACAAC,107
1567,id_6a613f832,GGAAAUACGGAUCGUAGUGGGAGAGAUGUGAGUAGGAGGUGUGAUUAACAGGGCAAGAGCGGUGGAGAGGGCGACUUCGGUCGCCCAAAAGAAACAACAACAACAAC,107
1571,id_6a8dcc355,GGAAAGAUAAAAGUAAAUGAUAAAAGUAAAUAUGAAAAAGAUAAAUAGUUAAAUGAAAUAGUUAAAUCGUCACUUUUCGAAGUGACAAAAGAAACAACAACAACAAC,107
1575,id_6aec2308f,GGAAAAGCAAGGCAGCGAAAGCUGCGAAAGCAGCGAAGGCUGCGAAAGCAGCGAAAGCUGCAAAGGCAAUAUGGGUUCGCCCGUAUAAAAGAAACAACAACAACAAC,107
1578,id_6afddefd0,GGAAACCCGCGCGGAAACAAACCACGUUAAUGCGCGGGCCCAAACAGGGCGGGCGGAGGACCGGCCCGACGCGGCUUCGGCCGCGUAAAAGAAACAACAACAACAAC,107
1593,id_6c26d96c5,GGAAAGGCGGACGGACAGGCAGCACAGCCAGACCAGCCAGCAUCAGCCAGCCAGCACCGCGCGAGACACAGGUAUUUCGAUAUUUGAAAAGAAACAACAACAACAAC,107
1596,id_6c4ae1fe7,GGAAACGAUGAGUUAGAAUAACCUACCAGAUGUAGCUAUGAUCAAUAGGAUAAGAAUUAUCAUCAUCGGCAAUGGUUCGCCAUUGCAAAAGAAACAACAACAACAAC,107
1600,id_6c8082f29,GGAAAUAGCAACGGAUAGUGGAGGAGGGAGAUUGGAGGCGGUGUACGUCGUGAUACAUUAGGGCGGACGGGUCUCUUCGGAGACUCAAAAGAAACAACAACAACAAC,107
1603,id_6cf76acbe,GGAAAAGCGAGCGAAAGCAAAACAGAAAUGCGCAAAGAAAGUCGGGAAACCAAAGCGAAAGCGACAAAGGCCUACUUCGGUAGGCCAAAAGAAACAACAACAACAAC,107
1607,id_6d4fb38dd,GGAAAGUCCCUACGCUGGCAAGCAACCACAUGGAUCUGGUUUCCACAGGGUCGAGUUGAGUGCUUCCGACAGACGUUCGCGUCUGUAAAAGAAACAACAACAACAAC,107
1610,id_6d830896c,GGAAACGCGAUAUAUCCAAUCACAUUCACACAAUGCCAAUUGAAUACCAUCCCAAGCGAGAGACCCUCCUUGAAGUUCGCUUCAAGAAAAGAAACAACAACAACAAC,107
1618,id_6de018792,GGAAACCGUAAGCUUAACUAUUGGGCUAGCCAUCCGAUCCGUGGAUUUUUUCACCUGGAGGCAUACGGGACAUCGUUCGCGGUGUCAAAAGAAACAACAACAACAAC,107
1623,id_6e264da9d,GGAAAGGUGCGAAAGUAUCGAAUAGCUAGGAAAACUGGCUUAUUAUACGAAAGUGUGAUGAGCUGUUCCUAUAUCUUCGGAUGUGGAAAAGAAACAACAACAACAAC,107
1624,id_6e490328c,GGAAAGGGUACGUUCGGGUAGGUAGUAGGUACAAAGGAUGUUCGUACAUACACGACCAAUAACUAGCACAUCUCCUUCGGGAGAUGAAAAGAAACAACAACAACAAC,107
1636,id_6f7a14222,GGAAAGUAGUAAAAUAUUGCAGCUGAGAUGGGAAAACUAUUGAGGCAGUUUAACCAAAGGUAUAAGCAGUUGGUCUUCGGAUUAACAAAAGAAACAACAACAACAAC,107
1637,id_6f99847e2,GGAAAAAGCGAUGACAAAAGUAAGAGUGAAUAAGACAGAGCAGAGCAAUUAGAAGAACAAGCUAAUAAGGAAUUCUUCGGAAUUCCAAAAGAAACAACAACAACAAC,107
1640,id_6fa58120f,GGAAAUAACGAUCCGGCCGGAAUCUAAAGCUUUGGAGGCAUCGGUGGACUCACCCUAUACAGCGGACGCACGUCGUUCGCGGCGUGAAAAGAAACAACAACAACAAC,107
1656,id_70747b441,GGAAACGGAUGGAAAUCGUCCGCGUGCGAAAAGCACGGCGUGGAAACACGCCGCGCCGAAGGGCGCGAGACGACGUUCGCGUCGUCAAAAGAAACAACAACAACAAC,107
1657,id_70948cfd7,GGAAACAAGCGCAAAGCAUGCAACGAUCAAAGAUCGCAACAUGCACGUAGCAAAGCUACACGCGCAAAGGUUAGGUUCGCCUAACCAAAAGAAACAACAACAACAAC,107
1686,id_724d32b46,GGAAACGCGACUCGCUGACCCAGGUGGUCGCGAGUGCACGCGGACGCGAAAGAGGCGCACGCGUGCACCAGACGCUUCGGCGUCUGAAAAGAAACAACAACAACAAC,107
1704,id_73a4ede6b,GGAAAUACGCUCGAGAGCGAAAAAGCUCAACGACGCACGAGCGCUCGGAAAAAUACGAGCAAAGCUCGCGAUUCCUUCGGGAAUCGAAAAGAAACAACAACAACAAC,107
1707,id_73b6c5d48,GGAAAAAGGCUCAAACUGUACGAAGGUACAGGACACCAUGGCCAUAGCGAAAGCUAUGGAAGAGCCAACCAAGUCUUCGGACUUGGAAAAGAAACAACAACAACAAC,107
1712,id_7412cfc95,GGAAAUAAGCACAAUCGCUAGAAACUAGCAACGCGUGAAACACGCAACCUAGAAACUAGAAGUGCAAACUCGAUCUUCGGAUCGAGAAAAGAAACAACAACAACAAC,107
1716,id_74321ce25,GGAAAUAUCGCUAUACAGCCAUGCAUGCAUCUUACUUAACUUCUUGAGAUGCAUGCUUAACAGUGUAAAUGACAGUUCGCUGUCGUAAAAGAAACAACAACAACAAC,107
1728,id_7550b78fe,GGAAACGCGAACAAGCGAAAGAUUGGAGAAGUGGAAACACGAAAUAAAUCUGAAGCUAUGGAAAAGCGCCUAUCGUUCGCGGUAGGAAAAGAAACAACAACAACAAC,107
1731,id_756489dc3,GGAAAAACGCAAAGCAAACGACACGCACACGCACACGACAGCACACGCACACGCACACGCACAGCACAGCGAGGAUUCGUCCUCGCAAAAGAAACAACAACAACAAC,107
1734,id_7574de484,GGAAAUCAACCUAAGACUAAAUAAAAGAGUCUACCAUCGUCCUAACAUAUACUCCGCCAUUAAGAUGGCGAGCUCUUCGGAGCUCGAAAAGAAACAACAACAACAAC,107
1745,id_760215195,GGAAAGCCCGCCGAAACGGCCACAAAGAGGCGGGCAACGGCAGGCAAAAGCCGCCGAGCGAAAACGCAGUCGGCCUUCGGGCCGACAAAAGAAACAACAACAACAAC,107
1747,id_763b85759,GGAAAAUGAGACUGAAGGAGGACAAGAACAACGAGAAGAUCGAGGAACGAGAACAACAACAGUCUCAACGGUUGAUUCGUCGAUCGAAAAGAAACAACAACAACAAC,107
1749,id_765b4390c,GGAAAGCGGCGCGCGGCGGGAGAGGAGCGGAGACGGACGCCCGCGGGAAACCGCGAGCCCGGGCAGAGGAUGUCCUUCGGGACAUCAAAAGAAACAACAACAACAAC,107
1753,id_769f95a88,GGAAAGGCUGGAAACAGCGGAUCCACCAGGAUCCAACAGAAAGGUUUUCCGACGGGAGGGCCAGGCACCGUUAGCUUCGGCUAACGAAAAGAAACAACAACAACAAC,107
1755,id_76d2462a2,GGAAACUAUACCAUAGAGAUGAAAAAUCUCUAAGAGAACAUAUGUAGAAAUACAUAUGAGGUAUAGAAGGGAGCCUUCGGGCUCCCAAAAGAAACAACAACAACAAC,107
1764,id_775e13c77,GGAAAACCGGAAACGGACAGACCGCGCAACACGGAAACGUGAAAGCGAAACGCAGCGAACGAGUCUGAGAGGUGGUUCGCCACCUCAAAAGAAACAACAACAACAAC,107
1766,id_777aba2dd,GGAAACUCGGGCUCGAGCUCGGGCUCGAGCGAGAGCUCAGAAAAUCUGAGCUCGAGCUCGUGCUAGAGCGACAUGUUCGCAUGUCGAAAAGAAACAACAACAACAAC,107
1773,id_7810f0f9d,GGAAACCAGAGCCCAACCCACAAACCAAACUAGCCGUCCUGUUAUACUCUGUAUCGGCACUUAAACAGAAUAUUAUUCGUGAUAUUAAAAGAAACAACAACAACAAC,107
1776,id_7871822f8,GGAAAGACGUAGUGUGAACACUACGUUAAAGACACUCAAAACUCGAAAGAGAAAAGAGUGAACAAAAACUUAAUCUUCGGAUUAAGAAAAGAAACAACAACAACAAC,107
1783,id_78f8345a4,GGAAAGGCGCGCGGCGGCAAAGAAAAGAAAGCCGCAAACGGCCAAAGAAAGAAAAGGCCGCGCGCGCCCGCUCCGUUCGCGGAGCGAAAAGAAACAACAACAACAAC,107
1792,id_79819a72b,GGAAAUUGCAAGCGAAGCCCGAAGACUCGAAUGCAGCGGGCGAGGAACACUCGCGAGCUAUCGCAAGCGCACCACUUCGGUGGUGCAAAAGAAACAACAACAACAAC,107
1795,id_79dba2ca9,GGAAAGCGUACGGUAAGGAAUAACUACCGCAGAACAAACAAUGCAAGUACGCGUACGAACAAAAGUGCGACAGCGUUCGCGCUGUCAAAAGAAACAACAACAACAAC,107
1800,id_7a348e99e,GGAAAGUAUCAAAACAAUGAUUAGCAUAUAGAAAAAUAUAUGAAAACUAAUAAAACAUAGGAUACAAAGGUUUUCUUCGGAAAAUCAAAAGAAACAACAACAACAAC,107
1803,id_7a3e821a1,GGAAACAACACCAACAGCAACGCCAACAACCCGACCAUUAUCCUCAACGGGAUGGGCGUUGCUCUGGGCAACCGCUUCGGCGGUUGAAAAGAAACAACAACAACAAC,107
1805,id_7abe42ebe,GGAAAAGUACGACACAGUACAACGUGGCAACAGGAACUAGGCGACAGGCUAGAACGCGACACAGCGCAGGUCCCCUUCGGGGGACCAAAAGAAACAACAACAACAAC,107
1814,id_7b69a079c,GGAAAAUAGCUGCAUGAUAGUGCUCAAAGAGCACACGUACGAGAAACUCGUACAACACAUGCAGCAAAAUAUAGAUUCGUCUAUAUAAAAGAAACAACAACAACAAC,107
1820,id_7bf304767,GGAAAACCGCGGGCGCGCAGACGGCGCGAGCACACGCCGGCACCACGGCAGGCCGCGCGCGCGCGAAAGCGAUAGUUCGCUAUCGCAAAAGAAACAACAACAACAAC,107
1826,id_7c54fbf18,GGAAAAAGUGGUGGAACUCCCACCUCGACGAGGUGCCGGUCAAGGAGCAAAUCGAACUCAUACCCGUCCUCAAGGUUCGCCUUGAGAAAAGAAACAACAACAACAAC,107
1827,id_7c56de281,GGAAAACUACAUUAGCCUCCAGGCUUAAUCAGUAUCAUGUCACGGUACAUACUCGUAUAACGCAAGUAGGAGCUCUUCGGAGCUCCAAAAGAAACAACAACAACAAC,107
1840,id_7d3ef32df,GGAAAUGCUCAACCAGGACAUCAUUAUGUGCCACUCCAAAGACAUUCGAAACCCUGGAAACACAAAGACUAUUAGUUCGCUAGUAGAAAAGAAACAACAACAACAAC,107
1845,id_7d9971096,GGAAAUGCCACAUCUUUGGCAUGUACUCAGAAUGCGCCUAGCUGCUGAGGUCCGUGGACUACGCAGCGUCGGUCGUUCGCGACCGAAAAAGAAACAACAACAACAAC,107
1846,id_7da4556fb,GGAAAAGUAUACAAAGUGUACAAAGUGUAUAUCGGAGGUGGAAAACAUCUCGGAUGUACACAAAGAAACGGUAGGUUCGCCUACCGAAAAGAAACAACAACAACAAC,107
1850,id_7dfbbfd4f,GGAAAUGAGACAUAACUCACGCAGUACUCAAUCCUCUGAGAUGAAAUCAUACCAGACCAGAGACUCGCGUUAGUGUUCGCACUAGCAAAAGAAACAACAACAACAAC,107
1851,id_7e019d45b,GGAAAAAGCGCCAGCUACGGCACAAAGUGCGGUAGCAAACGACGGUGGAAAACACGGUCGCAACGCAACGUACGUUUCGACGUACGAAAAGAAACAACAACAACAAC,107
1853,id_7e2208c50,GGAAAGCGGACGAGUGGCGUGUGGACGUAAGCGGAUAGAACGCAAGGUGGGCGGCAGUGGUGCGCGGACAAUCAAUUCGUUGAUUGAAAAGAAACAACAACAACAAC,107
1857,id_7e5da5095,GGAAAGGGAAAUGGUGGAGGAAAAUUUUACGAGACCGAAGGACAGAUAUAGUAAUGUAUGGUUUUAUCGCCGAUCUUCGGAUCGGCAAAAGAAACAACAACAACAAC,107
1868,id_7fbd8df4b,GGAAAUCUCAACGUUUGUGGCGCGGGUGUCGAAUGGCGUGAUCGUUGUGGAAAAUGGCGGUGUACGCGCGGUAUCUUCGGAUGCCGAAAAGAAACAACAACAACAAC,107
1875,id_8042af17e,GGAAAUGAAUUAACCAAGGAGGAAUGCGCUACUCUUCACGGUCGGGUAAUAUCAACGCAUAUUUACGAAUGGCGUUUCGGCGCUAUAAAAGAAACAACAACAACAAC,107
1878,id_805a29d27,GGAAAAGAGAAGUAGCGAGAGAGAGGACUCGAUGGAGGACUGUGUCGAGGUACACGCCGUGUGGGCGAGUUUGACUUCGGUCGGGCAAAAGAAACAACAACAACAAC,107
1880,id_808745482,GGAAACGGAUGAGACGGUUGUCGGUUAGGCAACUGCUGUCGUCGGACAGUAUGGCGGACAUGCAGGCAGUCCUUCUUCGGAAGGACAAAAGAAACAACAACAACAAC,107
1881,id_80a38cce5,GGAAAAAGGUGAAAACACAACCAAGUCAGCGAAAGCACAGACAGCAGAAACAAUGCAGACACAGUCAAGUUAUCUUUCGAGAUAACAAAAGAAACAACAACAACAAC,107
1883,id_80b616ef4,GGAAACGAGUUACGAGGGUACGCAAUGGGAAUCAUGACAAGCAAAAGCGGGCAGAUCGACCAGUGCGAGCUGCUGUUCGCGGCGGCAAAAGAAACAACAACAACAAC,107
1889,id_812146bb8,GGAAACAUAACUAGUAUAUUAGUGAGUAUAACUAUGACACAUACAAUACAUAUACUAUAUCUAUCACCCGGUGUCUUCGGAUGCUGAAAAGAAACAACAACAACAAC,107
1891,id_813c248e5,GGAAAGGCCGAAAAAGGCCAAACCGGCAAAGCCGGCCGCCGAAAAACGGCGGGCGCCAAAAAGGCGCACAGGCUCUUCGGAGCCUGAAAAGAAACAACAACAACAAC,107
1898,id_8198aad7f,GGAAAGUAAAUUAAUAAAUUAUAUAAUAUAUCGAAAGAAAGGAUAAAUAAUAAAUAAUAUAAUAAUACCCGGUUCUUCGGAAUUGGAAAAGAAACAACAACAACAAC,107
1899,id_81a8fb36d,GGAAAGAACAAGAUCGAAAAAAAAAAGAUCAAGUACGAAAAAAAAAAGUACAAGUUCGAAAAAAAAAAGUACUUCUUCGGAAGUACAAAAGAAACAACAACAACAAC,107
1918,id_82f51ffa1,GGAAAUUCUGCCGCUGAAAUGCUUUCUGGUUGAAACGCGGCUCUACACACUAGGGUCUGGAGCUGGGUGAAGUCGUUCGCGGCUUCAAAAGAAACAACAACAACAAC,107
1920,id_831df0960,GGAAAGCUCCGGAUCGAAAGAUCCGCCGAAAGGCGGGAAGGAAACUUCCCAGUCGGAAACGACGGAGCGAUUUCCUUCGGGAAAUCAAAAGAAACAACAACAACAAC,107
1934,id_8459bfeea,GGAAAAACGCGGGCGGCGGGAAGAAAGAAACCGAGGCAAAGCCACCGCCCGCGGCGGCCAAAGGCCGGGCCGCCGUUCGCGGUGGCAAAAGAAACAACAACAACAAC,107
1936,id_846bd902e,GGAAACAGGUGGUGGUGGUGGUGGAGGUGGCAAAGCACACACUCACGCACGCACGCACGCACGCACUGGGACUAGUUCGCUAGUUCAAAAGAAACAACAACAACAAC,107
1938,id_849f15f9d,GGAAAAACAAGGCGCGGACGAAAACGCCAGCGCCGCCGCCCAAAGGCCCAAAGGGCCAAAGGGCGGCAGAUUCUCUUCGGAGAAUCAAAAGAAACAACAACAACAAC,107
1939,id_84a829342,GGAAAGGGUAAUCGAGCAAGCGAAAUAAAGCAAGCGAAGAUACCGCGCAAUAAGGCGCGAAUAACCCAGUAUAUAUUCGUAUGUGCAAAAGAAACAACAACAACAAC,107
1940,id_84ca91e8e,GGAAAAGAGUUCGCUAAGGACAUACUCUAGUGGCUACGCCGAAGGUGACGUUCACCUCGAGGGAACGGGCUGAUGUUCGCGUCAGCAAAAGAAACAACAACAACAAC,107
1948,id_857c256f0,GGAAAAGGGAGGAGAGGAGAAGAAAGGUUUAGGUGGAAGAAGGAGCAAAGAAAAGAAUACUAGAAGAGGUCAUAGUUCGCUGUGGCAAAAGAAACAACAACAACAAC,107
1950,id_85c8f5656,GGAAACAUAGAGCAUUAGGAGGACUGCCCUGUCCCUUAACGCUAUCGUCAACUCGCUGUUCAGAAACAGGACCAGUUCGCUGGUCCAAAAGAAACAACAACAACAAC,107
1952,id_85f188597,GGAAAGCACACGCGCGCCGAGUAAGAAGCACUUCAAGCGCAUAGAGAAGCUUGAACAUAUCUGAUCGGGUAUCUGUUCGUAGAUACAAAAGAAACAACAACAACAAC,107
1953,id_85f5277a9,GGAAACUUUUCUAUCCUGCAGUGAGAAAAAUCGCAAAGCGUUGAGAAAUGAAAGUAGAGAUAGAGGAGAUCCGGCUUCGGUUGGAUAAAAGAAACAACAACAACAAC,107
1954,id_85f757e92,GGAAACAUGUACGAGUGUAUCGAAGUCGCGAAACGAAAGGAAAGGGACGAAGAUAGACGAGUAGAUGAAUAGAUAUUCGUAUCUAUAAAAGAAACAACAACAACAAC,107
1961,id_86ba46adb,GGAAAUGGUCGGUGGUGUGGAUUGGAGUUGUGGUGAGUGGGAGUUGGGUUGGGCGUGGGUGGGUAAGCGUGUUGAUUCGUCGGCACAAAAGAAACAACAACAACAAC,107
1963,id_86d38d5a0,GGAAAGCAUGCGUGCAAAGCACCUGCAAAAAGCAGCUGCAAAAAGCAGGAGCGAAACGCUCAGCAUGCGGAUAGCUUCGGCUAUCCAAAAGAAACAACAACAACAAC,107
1970,id_8751852be,GGAAAGCGGCGCGCGGCGGGAGAGGAGCGGAGACGGAAGCCCGCGGGAAAACGCGAGCCCGGGCAGAGGUUCACCUUCGGGUGAACAAAAGAAACAACAACAACAAC,107
1979,id_87d3b20d3,GGAAAUGGAGCACAUGACGGCUGGACGCUGAACUGGAGUUACAGGCAGUCGUGUAGAGUCAUGGAUGCGUCUAGCUUCGGCUAGGCAAAAGAAACAACAACAACAAC,107
1987,id_88640237b,GGAAAUAACAUGAUCAAAGAUCAUGAAGGCACAAAGUGCCAUAAUGAGUGAGAAACUCACUCAAUUAACGUGAUCUUCGGAUCACGAAAAGAAACAACAACAACAAC,107
1995,id_88bac6080,GGAAAAACUAGCCUAAGGACAAGCCGAAGGGACGGACAGUAGGCAAAGCGGAAACCUACGGACUAGAAGGUUCGCUUCGGCGAGCCAAAAGAAACAACAACAACAAC,107
1997,id_88c8a2d3e,GGAAAAACAGACGGAAACGAGCGAAAAAGCAAAGCGGCAAAGCGGCAAAGCGAAAAAGCACUGAAAAAGAAGUUCUUCGGAACUUCAAAAGAAACAACAACAACAAC,107
2004,id_892631452,GGAAAGAAUGAUACAAGCGUAGGAAACUAGGCGUAUCAUUCAGUAGGUACAGGCAAAGCCGUACGUACGGCUUGCUUCGGUAAGUCAAAAGAAACAACAACAACAAC,107
2011,id_89da6320e,GGAAAUCUCCAGGCUCAACCUGGAGCGGCCACUCGAUACUGCCGUGGCUAGAGUCCGGUAUUAGACCGUGGGCCGUUCGCGGCCUAAAAAGAAACAACAACAACAAC,107
2012,id_89ecb48cb,GGAAACGCACCUUUGACGGUGUGUGUUGAGCGGUUUGACAGAGAUUUGAUGUAUAGCUACCGUUUACCAGUCUCGUUCGCGAGACUAAAAGAAACAACAACAACAAC,107
2019,id_8a7896b66,GGAAAAAGAGGACUCUAGCGAAGAGCUAGAGGACUCAUACGAGUAUAUCGAAAAGAUAUACGAGAAAAGCUAAUAUUCGUAUUAGCAAAAGAAACAACAACAACAAC,107
2024,id_8ac8734e7,GGAAAAGCUGAAUAAUAUACAGCAUAGCACAAAUAAUAAGUGCAUAGUACAAUAAAUAAGUACAAUAAUGUAUAUUUCGAUAUACAAAAAGAAACAACAACAACAAC,107
2026,id_8acfeceee,GGAAACCCAAAGGGCGGCCGCGCGAAAAACGCGCGGCGAAACGCCGGCCGAAACGGCCGGCCGAAAAAGCGUGUCUUCGGACACGCAAAAGAAACAACAACAACAAC,107
2051,id_8c2159bc2,GGAAAUACACUAUAACUCGACUAUAUGAAUAUAUGUACAUAUAUAUAGAUACAUACUAUAUAUAUAUGCGUUUGCUUCGGCAAACGAAAAGAAACAACAACAACAAC,107
2053,id_8c345ed26,GGAAACUAGCAGAUCAAAAGAUCACAUUGAAAAAUACAGUGAAAGUUCGAGAGAACAAAAGUUAGAAACUUGGUCUUCGGAUCAAGAAAAGAAACAACAACAACAAC,107
2056,id_8c53466a8,GGAAACACGCGCGACGUCGCGCUACCGGCCGAGACGCGCGUCGACGGGCCGUAGAGCGACGAGGCGCGCCAGACCUUCGGGUCUGGAAAAGAAACAACAACAACAAC,107
2063,id_8cd1ab6a6,GGAAAGAAGAAAGAAAAGAAAAAGAAAAGAAAGAAAAGAAGAAAAGAAAAGAAAGAAAGAAAAGAAGGCUAUUUCUUCGGGAGUAGAAAAGAAACAACAACAACAAC,107
2069,id_8d31d5258,GGAAAACGAAGAACUAAGCACUAAUAUAAAAUAAAGCCCUAAUGAAAGCGAAACUGGAACAUAUACGAGCGCAUAUUCGUAUGCGCAAAAGAAACAACAACAACAAC,107
2075,id_8d9aec05b,GGAAAACACACAACACACAACAACACACACACACAACACACAACAACACAACACAACACAACACAACAGACACGCUUCGGCGUGUCAAAAGAAACAACAACAACAAC,107
2078,id_8da9cebc4,GGAAAGAAAGUAAGGACGGGUGGAAACGCGUUCAAAUUGCAAGGAUGAGCGAAAAGUUAACAUUCAAAGAUUUAGUUCGCUGAGUCAAAAGAAACAACAACAACAAC,107
2084,id_8e4b5f2b0,GGAAACUCAAACGACGAAACGCGAGAGAACGCAAGGGAACAACCGCGAACACGCCCGAAACGCGGCACGGACUACUUCGGUAGUCCAAAAGAAACAACAACAACAAC,107
2089,id_8ea6e9542,GGAAACUGAAGAGAAGAGAAGAGAAGGUGUCAAAGAUAUCGAAGCUCGAAGCUCGAAGCACGAAGCAGGGUAAGGUUCGCCUUACCAAAAGAAACAACAACAACAAC,107
2091,id_8eb0081e6,GGAAAGGAACAAGGAAACCAAACUAUAUCGUUCUGAUAUAGAAGGAGAGGCCAUAAAGGGCCUCCAAGCAUAUCCUUCGGGAUAUGAAAAGAAACAACAACAACAAC,107
2117,id_9122dfcb0,GGAAACCGAAACGGCGGCCGCGCGAAAAACGCGCGGCGAAACGCCGGCCGAAACGGCCGGCCGCAAAGCCUACUCUUCGGAGUAGGAAAAGAAACAACAACAACAAC,107
2119,id_915056289,GGAAACCGUUAUAAAGGAAACCGAAAAAGGUGAAAAACCAAAAGGCAGAAAAUGCCAAAAUAUAACGGGCCGGCCUUCGGGCCGGUAAAAGAAACAACAACAACAAC,107
2126,id_91f07078c,GGAAAGUUUUGGCGGAGAUAGGAAAUAAACUAUCAAAAACUAUCGAAUAAAGAUAGACUGAACAGGACGGAGGGCUUCGGUCCUCCAAAAGAAACAACAACAACAAC,107
2127,id_91f0cc7ee,GGAAAUAAGCUAGCCUAGCAAUCAAAAGAUUGCAAAUAACGUACGCAAAGCGUACGACAGCUAGCAUAUAUAUCGUUCGCGAUAUAAAAAGAAACAACAACAACAAC,107
2130,id_9244838fc,GGAAAAUAAGUACAUAGUACAAGCUAUCGAGAGGAUAGCAGUAGAGAUAUCGAUGGAUAUGUGUACAAGUUCGGCUUCGGCCGAACAAAAGAAACAACAACAACAAC,107
2133,id_9259509f5,GGAAAGAUGUACCGGAAACGAGUAGAUCCGCGACGACGGCAUAGGAAACUAUGAGUGGUCAUAUAGCGGUUGAACUUCGGUUCGACAAAAGAAACAACAACAACAAC,107
2135,id_927f10823,GGAAAAGAAUAAGAGACUUAUAGGAAACUAAGGGAUUUAUGUUAAGUAAUUGUGAAACGGGAUAUGCGCAGAUUCUUCGGAGUUUGAAAAGAAACAACAACAACAAC,107
2136,id_9293a0026,GGAAACCGAGGCGGGAAUAAACUGCUGAAGAUAUUUGGGUGGAAAAGUGUGAAAUAAAUACUGAGCGCGGCCGUCUUCGGACGGCCAAAAGAAACAACAACAACAAC,107
2147,id_930d53295,GGAAAGUGGUAUAACGAGCAGCUCCCAUUCGCGGACGAACAGUAUGCGAGCAAAAGUGAGCGAGAGGCCAUCUGCUUCGGCAGAUGAAAAGAAACAACAACAACAAC,107
2153,id_93bb33d70,GGAAAGCGGACGAGUGGCGUGUGGACGUAAGCGCGUAGAGCGCAAGGUGGGCGGCAGUGGUGCGCGGACAAAGUUUUCGAACUUUGAAAAGAAACAACAACAACAAC,107
2160,id_943e612a1,GGAAAGGCCUAGGGACCCGUCGCCAAAAGGGCUAAAGACGCAAAGCGUCACGGAGCACCUAGGCCAAGCGCGCGUUUCGACGCGCGAAAAGAAACAACAACAACAAC,107
2161,id_944a4423a,GGAAAACCCUGGGCGUGCAGACGGGCCGAGCACAGCGCGGUAUUGCGGGAGGCCGGGCGCGUUGGAAAGCGUAUGUUCGCAUACGCAAAAGAAACAACAACAACAAC,107
2168,id_9488aa003,GGAAAGCAUGCGUGCGAAGCACCUGCCAGAUGCAGCUGCGAUCAGCAGGAGCGGAACGCUCAGCAUGCGGUUAGCUUCGGCUAACCAAAAGAAACAACAACAACAAC,107
2172,id_94bc4a905,GGAAAUAAGGAGAGUAGAUUGGAAACGAGUGGCGAAAGUUAAGAGGAAACUCACUACGAAGCUCCAAACGGUUAGUUCGCUGAUUGAAAAGAAACAACAACAACAAC,107
2176,id_94f304095,GGAAAAGGAAGGGCGAAAAGGCCCAAAGCCCAGGCCGAAAGGCGAGGGCAAAAGGGCUAAGGCCCAAAGGCACACUUCGGUGUGCCAAAAGAAACAACAACAACAAC,107
2177,id_951d8673f,GGAAAGCCGGAAUGCGAACCGACGAAACCCAAGCGGCUAAAUGCCGAGGGACGACGGCGCACGGGCGGCCCGGGAUUCGUCCCGGGAAAAGAAACAACAACAACAAC,107
2179,id_955c04fd7,GGAAAUGAUGAAGUUACGUUACUUUUAUGCUUAUGGGAGAUUUGGAUUCGGGAAACUUGGGUUUAGGUGAUGGUUUUCGGAUUAUCAAAAGAAACAACAACAACAAC,107
2183,id_958ea6977,GGAAACCGUCGCGGCCCAACGAAGGGUUGGAAAAGUUUGGGCAAAAGUUGGGAGGGAAAAGGAUAAAACGGGAAGUUCGCUUUUUGAAAAGAAACAACAACAACAAC,107
2187,id_95cc6d29d,GGAAACAAGCAUGCAACGUGCCAAACGUAGGAAAACUACGACGUGAAACACAGCACGCAACAUGCAAACCGCGGGUUCGCCCGCGGAAAAGAAACAACAACAACAAC,107
2190,id_95f723137,GGAAAGUGCAUGUGAUGAAGCAAAUCAGUAUGAAUGAAUUCAUGAUACUGUAAACGCUUUCUGAUGUAGGCCGAGUUCGCUCGGUCAAAAGAAACAACAACAACAAC,107
2194,id_96bc80225,GGAAAUAAGGAAGGGAAGGCGGAAAAAGGGACAAAGAAAGACCCAACCGCCAAAAGAAACCCAACCAAAUUUAAUUUCGAUUAAAUAAAAGAAACAACAACAACAAC,107
2198,id_96fa2f614,GGAAACCGCCUUGCAGGUCCGAGCUUGAGCCCUGGAUGUGCGGUAACAAGGCUACCUUGACCAGGCGGCGCAUAGUUCGCUGUGCGAAAAGAAACAACAACAACAAC,107
2199,id_970b55ffd,GGAAAGCGCGCGCGCUAAGUGGGUUCGAAAACAAAAACAAAAGGGUUUGCGGUAGCAGCAGCAGCAGCGGAGCGCUUCGGCGCUCCAAAAGAAACAACAACAACAAC,107
2200,id_97149b5e1,GGAAACGCGAUACACAGCGAACCGGACCCGGAACCGGACACACGGAGCGCAGGACACACCAAGGGCAAGACGUUCUUCGGAACGUCAAAAGAAACAACAACAACAAC,107
2206,id_97568128a,GGAAAGUCGAGUCGAGUCAAGUCGAAGGACAGUCGAGAUCGAAGGAUCGAGACAAGACGAGACGAGACCUGUAACUUCGGUUACAGAAAAGAAACAACAACAACAAC,107
2208,id_97c8f2497,GGAAAGGUAAUUUAUAAAUUUAAAAAUAAUUUAAAUUAAUUUAAUUAAUAUUUAUAUAUAAUAUAUAGGUAUAUGUUCGCAUAUACAAAAGAAACAACAACAACAAC,107
2209,id_97f0bbd4c,GGAAAACCUUUAUUUACGCCCUUUCUCCCUCCCUCCCUCCCUUCCCUAUUCCUCCUCCGCCCUAUUUGCGUUGGCUUCGGCUGGCGAAAAGAAACAACAACAACAAC,107
2211,id_980bf19cd,GGAAACAUGGAUCAAAGAUCGUACAAGGAUGGCGAAAGCAAACAUCGUACAAAGAUCGAUCGAGCAUGGAUUGUCUUCGGAUAAUCAAAAGAAACAACAACAACAAC,107
2215,id_9837632fb,GGAAAGCGCGCGAAACGCGCGCAAACGCGCGCAAACGCGCGCAAACGCGCGCAAAGCGCGCGAAAGCGGCGAGCAUUCGUGCUCGCAAAAGAAACAACAACAACAAC,107
2222,id_9883e4737,GGAAACCACAUGGACAGCAGAGGACGUAUCGGAAGCAAGCUGAGGGAAAACAGGCGUUAGGGCCCGUGGUUACACUUCGGUGUAGCAAAAGAAACAACAACAACAAC,107
2226,id_98978b9c1,GGAAAUUACUGGGAGUAGUAGUGUGCUGUCUAUGCGAGAGUAUGGAGAGUACGCUGCUGCCCUAGUGAGAGGUGCUUCGGUAUCUUAAAAGAAACAACAACAACAAC,107
2227,id_98a5ae714,GGAAAACUAUCUCGGAUCGCGUAGAAGGGCUAGGAAACUAGGCCGAAGCUACGGGAUCGGAGAUAGAACUCCACCUUCGGGUGGAGAAAAGAAACAACAACAACAAC,107
2231,id_98f9f6d4f,GGAAAUAUCGACAGCCGUCAAAUACAAAGAAAACAUUCGAAAUAUUAAAAGAGUGGAAUUUGUAUUAACUGUUGAUUCGUCGACAGAAAAGAAACAACAACAACAAC,107
2237,id_993607a0b,GGAAACAUGACUGACCCAGCCAUUCACCACCCGUAGACACCCUACCAGUGACAAUGCUAACAGCCAUGGAGCUGCUUCGGCAGCUCAAAAGAAACAACAACAACAAC,107
2241,id_994f0c8a3,GGAAAAGCUCUUGAACACAAAGGAAGUUGCGACGGAAACGCGGAAGUUCAGACGAACAAGUCAGCAAAGAUAGAAUUCGUUCUAUCAAAAGAAACAACAACAACAAC,107
2254,id_9a0520b5a,GGAAAAAGCGCAAAGCGAGCGCACUGCACAAAGUGCAAGCGUGAAACACGAGCGCUCGCAACGCGCAACGUAUACUUCGGUAUACGAAAAGAAACAACAACAACAAC,107
2259,id_9a521e5a2,GGAAAAGCGCGCGCUGGUAUCUCAAGGGCGGCUAAGGACAAGGUCGACUUGCACGAGCUACACUAGCACCGGUUCUUCGGAAUCGGAAAAGAAACAACAACAACAAC,107
2269,id_9b6570d9d,GGAAAGUACGGUUCGGAUAGGAAAACUAUAGAAAAGUACGGUAUGGUGGAGAACAUGGUGCGGAAAUCGGUUGGCUUCGGCUAGCCAAAAGAAACAACAACAACAAC,107
2285,id_9c3b71afa,GGAAAGCAAAGAUAUGAAACGUAACUGAAGAAAAAUUGCGGACGGAGUGGUGAAUCGGUACGAAGUCCCUGAACCUUCGGGUUCAGAAAAGAAACAACAACAACAAC,107
2293,id_9ca4c4379,GGAAAGCGCGAGCCUAGGCGAAGGCAACUAGAGCUCGAUCAUGUCACGCGAAGGCGGACAGAUCGCGCGAUGGCCUUCGGGCCAUCAAAAGAAACAACAACAACAAC,107
2295,id_9cc4974d2,GGAAAUAAGGAGCGUAGAUUGGAAACGAGUGGCGAAAGUUAAGAGGAAACUCACUACAAAGCUCCAAACGGUUAGUUCGCUAAUUGAAAAGAAACAACAACAACAAC,107
2298,id_9d0342d9c,GGAAACAGACUCACACCAGACCCAUCAUUAUGACACUAGAAUCAAGCACUUACUCAUCCUCCGUAUAAUACGGUCUUCGGACCGUAAAAAGAAACAACAACAACAAC,107
2300,id_9d158ee1d,GGAAACGCUAUAGUGAAGUCAGUCGAGAGGACUAUAGUAUGACGAGAGGUCAGACGAAAGUAUAGCGACGGUAUAUUCGUAUACCGAAAAGAAACAACAACAACAAC,107
2303,id_9d43e547b,GGAAAAACUAGAAAAAGUUCAGAAAGAAAGAAAGAACACAUGAAAAAGAAGAAAGCAUGAAACUAGAACCACCACUUCGGUGGUGGAAAAGAAACAACAACAACAAC,107
2310,id_9dd331347,GGAAACUUAAAACCCAAACAAAAAUUUUUUUUAAAAACCUAAAACUCAUUUAAUUAAAAAUAAACAAAAGUGCGGUUCGCCGCACUAAAAGAAACAACAACAACAAC,107
2321,id_9e76e7c06,GGAAAAAUUCUAACCCAGUGGAUGUGGUUUAGAAGGAACGGAGACGUUUUAUAGAUCCACAUUUAAAAGUACGAUUUCGGUUGUGCAAAAGAAACAACAACAACAAC,107
2322,id_9e7cabbe7,GGAAAGUACGCGAAGCGCAAAAGCGCCGCGCGGCGAAAACGCCGGCGACCGGCAAAAGCCGGAAUCGCGCCAUCGUUCGCGAUGGCAAAAGAAACAACAACAACAAC,107
2323,id_9eab9e371,GGAAAGGUCGUAUAGGCCGCAAUCUAGAGCUUUGGAGGCAUCGGUAGACAUACCCUAUACAGCGGACCCACGGUGUUCGCACCGUGAAAAGAAACAACAACAACAAC,107
2329,id_9f5e30605,GGAAAGCCGGCGGAGAGAGAAGCGCACGGUGUGCGCGACGCAGGGCAAGAUAGGAGCCCGCAGCGCAGGGCGUAUUUCGAUACGCCAAAAGAAACAACAACAACAAC,107
2330,id_9f784a71a,GGAAAUACGCACGUAUCGCAUAUGCGACGGCGUCGCACGCGCAGCCGAUACGGACUAGCGAACGCGCGCGAAAGGUUCGCCUUUCGAAAAGAAACAACAACAACAAC,107
2332,id_9fcf4adbc,GGAAAGCGAGAGGCGUAUCAAAAGUCAAGACAAACAGGAGCUGGUCGACGAUACAGAUCGAAGGAUCAGCGGGUAUUCGUACCCGCAAAAGAAACAACAACAACAAC,107
2333,id_9fcf9f79e,GGAAAGGAAAGGGAAAGGGCGGUAAGAAGCAAGAAGGCGGCAAAGGCAAACAAGGCGGGCCCAACAAAGGCGGCUUUCGAGCCGCCAAAAGAAACAACAACAACAAC,107
2334,id_9ff04a87b,GGAAAUCUCGUCCCGCUUCGAUAAGCGAUUCUAGCUAUCACCGCGGGAAUGCCGUAUUAAACACUCAGAGGCUGGUUCGCCAGCCUAAAAGAAACAACAACAACAAC,107
2338,id_a0760b67a,GGAAAUGCGUACCCGAGUAGUCCACACGCGAAUGCCAAAAAUUGCCAGCGCGACUAUUACCUCACGCAGGCGUUGUUCGCAGCGCCAAAAGAAACAACAACAACAAC,107
2339,id_a07c85711,GGAAAACUAGUGGUCCAAAACUUGUAGGUUCCAAUUACUACAGUAGCUCCUCUAGUAAUAAUAAUAUACUCGCCGUUCGCGGCGAGAAAAGAAACAACAACAACAAC,107
2350,id_a1c851517,GGAAAUGAUCAUGGUCUCAUGGGUAUGCUUUGGAGGCCAUCUAGUUUGGUCUGCAACAGACGGGUAGGCGUAUGCUUCGGCGUACGAAAAGAAACAACAACAACAAC,107
2353,id_a1eb8a355,GGAAAGGAGCCUGGCGGGACGGAAAACGCCGGCCGAAAAAUGGGCGGAAAACGCCCGGAGCCGAGUAAGGCAGUCUUCGGACUGCCAAAAGAAACAACAACAACAAC,107
2361,id_a30acff94,GGAAAUGCGUAGCCGAGUAGUCCACACGCGAAUGCGAAAAAUUGCAAGCGCGACUAUUAGCUCACGCAGACGGUGUUCGCAUCGUCAAAAGAAACAACAACAACAAC,107
2377,id_a4817967b,GGAAAAGAAAGAACCAAGGACUAACUAAAAACGCCACACACACGAAGACUAAAAGAGAAGAUCUGCGGACUGCUUUUCGGAGCAGUAAAAGAAACAACAACAACAAC,107
2386,id_a50fbc0bf,GGAAAGCCGAAACCGCCAAACGCGGACGGUGUGGGCGACCCACGUGUGGAUAGCGGGCGGCACCGCAGGCGGAUUUUCGAAUCCGCAAAAGAAACAACAACAACAAC,107
2388,id_a5377aa10,GGAAACCAGGGCCCGUCCCUCGCGGUUGUCGGGAUAAUGAGCUAUAUCCCAGUUCUGACAGUCGAGGCAGCGACGUUCGCGUCGCUAAAAGAAACAACAACAACAAC,107
2405,id_a5fce8330,GGAAACGUGCUUGGGCGAGAGUAGUACUAGGAUGGGUGACCUCCUGGGAAGUCCUCGUGUUGCACCACGGGCACGUUCGCGUGCUCAAAAGAAACAACAACAACAAC,107
2406,id_a6089f874,GGAAACAACAAACAAACAAACAAACAAACAAACAAACAAACAAACAAACAAACAAACAAACAAACAAAGGCAUUCUUCGGAAUGCCAAAAGAAACAACAACAACAAC,107
2415,id_a66a267c5,GGAAAUGUCAUUCACGCCGAUUUGACUCUUAACGACGCUCGUUGACGAUCAUGACUCGGCUAAUGAGAGGAGGUCUUCGGAUCUCCAAAAGAAACAACAACAACAAC,107
2421,id_a6ff7e4d7,GGAAAGUACGUGCUUAGGUAGAAAUACGUGGGCCAAAAUGAGGGAUGCUGAAAAGUAGACCUCAGUACGUGCGAUUUCGAUCGCACAAAAGAAACAACAACAACAAC,107
2430,id_a75ea0d62,GGAAACAGCACAAAGCAAGCAACGCAAGCACAACGAAAAGUCAAGCAAGCAAAGCAAGCCAAGUGCAACAUAUGCUUCGGCAUAUGAAAAGAAACAACAACAACAAC,107
2441,id_a81331db3,GGAAAGUUGUGUGGACGGUUUUGGGUUGGCAGGACCACGAGUGGAGUGAUAUCAGUAAUUGUGUGAUAGGGCGGUUUCGGCUGCCCAAAAGAAACAACAACAACAAC,107
2444,id_a833c2ed7,GGAAAGAAAGGUACCGAGGAAGAAAGAAACUUGAAGUACGGCAAAGCCCUCGGCGCAAAGUGAGAGAACCGGGUCUUCGGACCCGGAAAAGAAACAACAACAACAAC,107
2446,id_a89303f48,GGAAAACUAUAGGAAUUAAACUAUAGAACUACCAUGAAAAACAUGAAAGUCGAAAAGGACAGUAGAAAAUGCCUCUUCGGAGGCAUAAAAGAAACAACAACAACAAC,107
2447,id_a8994b257,GGAAACAAGCGCACCGUGAGCAACUCACGGAGGUAGCAACUACCACGUAGCAAAGCUACGCUCGCAAACGUACGCUUCGGCGUACGAAAAGAAACAACAACAACAAC,107
2449,id_a8b98b40f,GGAAAUUCUAGCGCCUCAGGUUUACACCUUAUAGUGUUCGGUGGAGCAUUGUGAGAGUGGUACCUAUGUCAGACGUUCGCGUCUGAAAAAGAAACAACAACAACAAC,107
2451,id_a8fdfd5c2,GGAAAGCGUGAGCGGAUUACGCGCGCGCACUGCCGAGCGCGUAUGGAGACGGCGACGCACGGCAGUGCCCGCGUCUUCGGACGCGGAAAAGAAACAACAACAACAAC,107
2456,id_a93c9dc87,GGAAAAGUACGACUUCACUACGGAAAACGUAGGAACUCGAGGAAAAUUUUCAAAGAGGUCGAAAUACAGAUGUGCUUCGGCAUAUCAAAAGAAACAACAACAACAAC,107
2471,id_aa65538c3,GGAAAGGGAAAACCAAGUCAGUCGAAAAGACAGUCAGAUCGAAAAAGAUCAAAAAGACAAAAGACAAACCUAUUGUUCGCAAUAGGAAAAGAAACAACAACAACAAC,107
2481,id_aaefd0972,GGAAAUACGCUUGCGAUAAUAGCCGAGAGGAGCGAGAGCAGCGAGAGCACGGAGACGGCGGGCGGUAAGUAGAACUUCGGUUCUACAAAAGAAACAACAACAACAAC,107
2485,id_ab337d4f5,GGAAAGAUGGUUCAACUGGGUGCAACAUGGGUGCAAAGUAUCAACAUGGUACAACUAGGGACAACGUCCUAUGGCUUCGGUUAUAGAAAAGAAACAACAACAACAAC,107
2493,id_aba8b8306,GGAAAAGAAAUAACCUAGAUUUAACCAAAUAAGACACGCACAAGAAGACUAAAAGCCAACAGAUGCGAGGUGCACUUCGGUGUAUCAAAAGAAACAACAACAACAAC,107
2497,id_ac15ece78,GGAAACGGCGCGACGCGAGAAGCGAGUGACGCGACCGCGGACGGGCACGGCUGGCGGCACCGCGCCGCGGAUCACUUCGGUGAUCCAAAAGAAACAACAACAACAAC,107
2498,id_ac197c677,GGAAAUUGUACAGAUCAACCGCCCUUGUCCCUGGUCGCAAUCUUGAAGUCCGAGAAGAUACGCUACAAGGACCUGUUCGCAGGUCCAAAAGAAACAACAACAACAAC,107
2505,id_ac6a66ba5,GGAAAGCGCGGCGAGCCGCGGGUGCGGCCACAGAAACUGUAGCACGCACCGACGGCCGACCAGCGCAACCAUAGCUUCGGCUAUGGAAAAGAAACAACAACAACAAC,107
2506,id_ac7250d36,GGAAAAAGACCAGUUAAUUCCGGUCAAAACUCUCGGAUGUGUCGCGAUCGCCUCAAACAUCCGGAUUCGACCAGCUUCGGCUGGUCAAAAGAAACAACAACAACAAC,107
2511,id_acd45c140,GGAAAGUACGGGUCGGGAGAUUCAUGGGUGAGUAUUGUUGAUGAUGAGGUUGGUAGAGCGUGGUGUGCGGCGCCGUUCGCGGCGCCAAAAGAAACAACAACAACAAC,107
2512,id_acda77781,GGAAAGGGCAACGGGAAGGAGGAAACCGAAAGCAAAAAGCAAAAGGAACCAAACCACCAAACGGCACCCAAUUCCUUCGGGAAUUGAAAAGAAACAACAACAACAAC,107
2515,id_ad15501f0,GGAAAGACGCGAAAGCCAUCGGAAACGAUGCGGAAAAUCCGGUCCUCAGGAUAUCAAAGAUAUCCGAGGCUGAUCUUCGGAUUGGCAAAAGAAACAACAACAACAAC,107
2523,id_adb7f239e,GGAAACGCCCGAACCCGGGCGACAGCGAGAAAGCUGUAGUGCUUAUAUUGUACUUCGGACGCUGAAAAGGUGUGCUUCGGUAUAUCAAAAGAAACAACAACAACAAC,107
2525,id_adcc89c7f,GGAAAGUUAUGACGGAGAUGCAGAAUAAUGGAUCAAAAAUUGUCGAAUAAAGAUAAACUGAACGUAACGGUGGUCUUCGGACUACCAAAAGAAACAACAACAACAAC,107
2537,id_af525d5d7,GGAAACGUGAAACACACUAUGGAAACUAUGGACUAUGAAACGUAGCCCAUUGAAACAGUGCGGAAACGGGUGAGCUUCGGCUUAUCAAAAGAAACAACAACAACAAC,107
2545,id_afd13f660,GGAAAUAAAUAAUAUAGAAAGAAAAGGAAAAAGAAAAGAAAGAGGAAGACAUAAAACAGGUGAAGAGAAUAUUAAUUCGUUAAUAUAAAAGAAACAACAACAACAAC,107
2546,id_afe253138,GGAAAGAUCGAUCGCUAGAAGCGAAGGCCUAGGCGCGGGCCUAGGUCGAAGGACACUAGGGAUCGAUCGAUGCGCUUCGGCGCAUCAAAAGAAACAACAACAACAAC,107
2548,id_afe503201,GGAAACUGAGCACAAGUGAUGGAACACACACCACAGCACACAGAACUACCGAGGUCACAAGACAGGAACCACUCGUUCGCGAGUGGAAAAGAAACAACAACAACAAC,107
2550,id_b00d6848f,GGAAACUUGGAUAGUUUUGCAUGAAAAAUGAGAUUGUCGUGAGAUAUAGUGUGAAAGUCAGAAGAUGUGGUGCUGUUCGCAGUGCCAAAAGAAACAACAACAACAAC,107
2552,id_b02324946,GGAAAAAGAUUGAAGUUCUAAACGGAAAACGUUCAAAGGUCAUAUAGGAAACUAUGUGACACAAUCAACGAAUCGUUCGCGAUUCGAAAAGAAACAACAACAACAAC,107
2559,id_b1254bded,GGAAACCACUGCCACUCCUUCACACUUGCCAUACCAAUGCCACAAGAGAACAAGAGACAGCCCGGAAAGACUCCCUUCGGGGAGUCAAAAGAAACAACAACAACAAC,107
2563,id_b170ef32a,GGAAAGUCGACAACAAGCGGGCAAACCAGCGCGCAACCGCGCGAGAAUAAGACGGGCGGGAAAACGACCUUUACCUUCGGGUAAAGAAAAGAAACAACAACAACAAC,107
2570,id_b1b057cfe,GGAAAGAGACAGAUAUACAUACAGAUCGAAAUAAAUAAAUAAGAUUUGUAUGUAUGUUUGUUUCAAGACCCGUCCUUCGGGACGGGAAAAGAAACAACAACAACAAC,107
2577,id_b23cad2bb,GGAAAUACGCACGAAUCGCAAAAGCGACGGCGUCGCACGCGCAGCCGAAACGGACUAGCGAACGAGCGCCAAAGGUUCGCCUUUGGAAAAGAAACAACAACAACAAC,107
2608,id_b3db7464b,GGAAAAGUAUCAGCGCAUAGCCUUGCUAUGCCCAGCGAAGCUGGCAGUGCUCCGCACUGGCUGAUACAGGCAUCCUUCGGGAUGCCAAAAGAAACAACAACAACAAC,107
2615,id_b4c8c51cf,GGAAACGGAGGCAAAUCUUCCGCGUCCAAAAAGGACGGCGUGCAAACACGCCGCGGCCAAGGCCGCGAGCCGUACUUCGGUACGGCAAAAGAAACAACAACAACAAC,107
2623,id_b51e2f1f4,GGAAAGCUGAUGCCCGAGGAGGCGUGUAAGAGAGGCUAGAACGCCAGGUAUCGCGCGGCGCGUCUCGGCCGCAUGUUCGCAUGCGGAAAAGAAACAACAACAACAAC,107
2628,id_b58700b4d,GGAAAUAAGCACAAACUCCAAUAAGCAUGAAACAUGCAUCCUAUCAAAGAUAGAAGAGAUAGUGCAAACGAAGAGUUCGCUCUUCGAAAAGAAACAACAACAACAAC,107
2639,id_b6b93cedc,GGAAACUAUACGAGAGGUAUAGGCGGAGAACGAACAUAUGCGGAAACGGCGAGAGGCACAUAUGGAAAGACGUACUUCGGUACGUCAAAAGAAACAACAACAACAAC,107
2646,id_b7313af83,GGAAAUAAGCUAGACGAUCAAUCAAAAGAUUGAUCAUAACGUACGCAAAGCGUACAACAACUAGCAUAUAUAUCAUUCGUGAUAUAAAAAGAAACAACAACAACAAC,107
2649,id_b7434a659,GGAAAGGCCGCGUGCGAAGCAUCGACUACAUGCAUACGCUACAUGUCGUAGCAUACAGCUAAGCCGCCGGUAUGCUUCGGCAUACCAAAAGAAACAACAACAACAAC,107
2664,id_b81b6c5ae,GGAAACAACAACCUGUCAUUUGCGUAUCGUGGACUGGGACUUGACACUAUCACCCUAAGGUGACCUCACUGUGCGUUCGCGCACAGAAAAGAAACAACAACAACAAC,107
2672,id_b8b92f29d,GGAAACAUCGAGGACCCUGCAAAGUCUCAACAAUUGUUCAAAGAGUCAUUCAAUUGUCUUUUAGAAUCGGCCCUCUUCGGAGGGCCAAAAGAAACAACAACAACAAC,107
2674,id_b8c05a12c,GGAAAAAGUCACGAAAACGAAAGACAGCGAAAGACACCGGCGAAAAGGCGGACCAAAGGGUCGAGCAACAUGCCCUUCGGGGCAUGAAAAGAAACAACAACAACAAC,107
2675,id_b8fb23954,GGAAACAAUAUACGAAGACAAAAAGUCGCAUGAAAACAUGAAGUAUCAAAGAUACAGUAUAUUGGAAGCAUUUAGUUCGCUAAAUGAAAAGAAACAACAACAACAAC,107
2678,id_b91cc07ce,GGAAAGCUCCGGAUCUUCGGAUCCGCCUUCGGGCGGGAAGUUCGCUUCCCAGUCGUUCGCGACGGAGCCGAGAGCUUCGGCUCUCGAAAAGAAACAACAACAACAAC,107
2680,id_b94927d88,GGAAAAAGCUAGUCCAAUAACGAUCACGAAACGUGAUCGACCCAUACGAAACGUAUGAAGACUAGCAAUACGUUUUUCGAAACGUAAAAAGAAACAACAACAACAAC,107
2683,id_b987d219f,GGAAAUGCCACGAUCGUUCUAAAGAGGAACCUCUUUCUCAAGAGGGAAAGAUCACGUGAUGAGGAAAAGGCAGUGUUCGCAUUGCUAAAAGAAACAACAACAACAAC,107
2688,id_b9bb21c3b,GGAAAGCGCGGAAACGACGCAGAUGUACGAUACAGGAAAAGCGCGAAACGGGCGACUGAUGGUACAUCGUGGUUCUUCGGAGCUACAAAAGAAACAACAACAACAAC,107
2698,id_ba97027f1,GGAAAAUGGGAUCGGGCGCCGGUUCUUACCGCCCGGAGUCAUGCUACAAUAUUUCGCCUAUGGUAGCAACCGACGUUCGCGUCGGUAAAAGAAACAACAACAACAAC,107
2699,id_ba9d7f4c5,GGAAACCUUGCGGUAAACUUCAUAGACAUCCAACCGUUGACCGAGGUCAAAUAGGCACUUGCUCGCAUCCAGACGUUCGCGUCUGGAAAAGAAACAACAACAACAAC,107
2704,id_bb26e6a1d,GGAAAACCACAUUAAGCGUCCAUAUCGCUCGUGGGCAUAAGCUGUGUAACUCUACCGUAAUCCGCAGAGGUCCUGUUCGCAGGACCAAAAGAAACAACAACAACAAC,107
2708,id_bb764dbc7,GGAAAGAUUCGGUAUAUGUAGUGUGCGAAAGUAUAUUAUAUGUAUCGUAUUCGAAAGGGUACAGAGUCCUGUGUGUUCGCGCGCGGAAAAGAAACAACAACAACAAC,107
2712,id_bbcfe7630,GGAAAGGGAAAGGGAAACCCAAACCGAAAGGUAAGGGUAAGCAGAAACAGAAACAAGGGCAACCCAAACCGUAUCUUCGGAUACGGAAAAGAAACAACAACAACAAC,107
2715,id_bbf633c56,GGAAAGGGCCCACCCUCGGCGCCUCGUGGACCUCUACGCCUAUACCGUGACCGGUUGAGUGUAUGAACAUGCGCGUUCGCGCGCAUAAAAGAAACAACAACAACAAC,107
2737,id_bd3aa5c18,GGAAAAGAUCAAGAAACACGACAUGAUAAGAAAAAUUAGAAUGGAAGUGGAUUCGAAAAAGAUCAAAACAUUGAGUUCGCUCAAUGAAAAGAAACAACAACAACAAC,107
2742,id_bd87ac49f,GGAAAAGUGAAAAGUUGCUACUCAAAUUAGUGAAAACAAAACUAGUGGGUAAAGCGAAUAAGCGCAAAGACAGCCUUCGGGCUGUCAAAAGAAACAACAACAACAAC,107
2745,id_bdaf37c79,GGAAAUUUCGAGUACGGGAAGGUUAAGUGAUUGGCUUCGGGAACUUGGCAUCCUUUCAUCGUGCAUCUGUGCUCGUUCGCGAGCACAAAAGAAACAACAACAACAAC,107
2746,id_bde364478,GGAAACCUUUCCCGCUUUGCUCCUCCUUUCUGAGGAGCUCUGCGGGACCGCCCUCGCCUAGAGGGCUCGGUGGCCUUCGGGCCACCAAAAGAAACAACAACAACAAC,107
2749,id_be0e5a50a,GGAAAACAACAACAACAACAACAACAACAACAACAACAACAACAACAACAACAACAACAACAACAACAAAAAUUUUUCGAAAUUUUAAAAGAAACAACAACAACAAC,107
2764,id_bf147c4d1,GGAAACAACAAACAAACAAACAAACAAACAAACAAACAAACAAACAAACAAACAAACAAACAAACAAACAUAUAGUUCGCUAUAUGAAAAGAAACAACAACAACAAC,107
2778,id_c02eeef67,GGAAAGCGCGGAAGCGCGACGUUCGACGGCGACCGGCGCGGGAGCCGGAGAACGGAGCGCGAACGCGCCAACGGCUUCGGCCGUUGAAAAGAAACAACAACAACAAC,107
2788,id_c0a082c5e,GGAAAAGAGUGAAGGACGGAGAAUCUCCGUCGUCGCGAAGCGGCCCUGGGCUUCCCAGGCUUCACUCAGGAGAACUUCGGUUCUCCAAAAGAAACAACAACAACAAC,107
2790,id_c0c0a84c4,GGAAAGCGCGAGGACACGGGCGCCACAACCGCCCGGGAGGGACAGCCCGGGCGGCCGCGGCGCGCGGGGGGUUGCUUCGGCAACCCAAAAGAAACAACAACAACAAC,107
2797,id_c126fa6c5,GGAAAAUGAGGCUGAAGGCUUAGUACUCCAUAGAGAUGUGCGAGUAACUAGAGCCAAUUCAGUCUCAACGGGUGAUUCGUCGUUCGAAAAGAAACAACAACAACAAC,107
2815,id_c20134e12,GGAAACGCCGAACGUCACCCUGUGUGACGAGUGGGUACGUAGGAAUCGUUGUCUGCAACAUCGCUUCCACUGACGUUCGCGUCAGUAAAAGAAACAACAACAACAAC,107
2816,id_c20e8fc7c,GGAAAGCGAGUAUUUGCACUUUGGAGAGGCGCUUUACACCGCUUCGUCCGGACCUAAGCGUGGACAUCACGGUCGUUCGCGACCGUAAAAGAAACAACAACAACAAC,107
2819,id_c25a357b7,GGAAAGUAUAUGGAAAACAUAUACAACUAUCAGUCGAGAGGACAGACGAGAGGUCAAUAUAGAUAGAACCCCUUCUUCGGAAGGGGAAAAGAAACAACAACAACAAC,107
2822,id_c2a6df7cc,GGAAAGCGCAAAGCGCAAACCUCUGUGGACUGGAGGACGGGAAACUGGACUUUAGGACGCAGAGAAAAGAGAGAGUUCGCUCUCUCAAAAGAAACAACAACAACAAC,107
2829,id_c2cde566d,GGAAAGCUGCGAAUAAGCGCCAUUAGCCGCCAGGAGAGCACCGUCGCGAGAACCUAGGUGGUAACGGCCCGGGUGUUCGCACCUGGAAAAGAAACAACAACAACAAC,107
2831,id_c3020eceb,GGAAAGGAGUCCUUUCGCGCGAUUACGAGUGUAUAUCACUAGCGAAAGCAAUCGAAGUGGAUGACUUCGUACGUCUUCGGAUGUGCAAAAGAAACAACAACAACAAC,107
2842,id_c428aeca5,GGAAACUCACUGAAACAGGAGCGCGGUAGAUGAAAGUCUACCGUACCAAAGGUACGCUAAAAAGCGCGGUGCAUGUUCGCAUGUACAAAAGAAACAACAACAACAAC,107
2845,id_c4628591e,GGAAAACGAAGGGAAAGAACUUUCGGAUACGGAGACGUAUCAUAGGGAGUAUAGAGAGCUAUACAAAACUGUUUGUUCGCAGACAGAAAAGAAACAACAACAACAAC,107
2848,id_c499a6050,GGAAAGAUCACUCACUCGCGAGGCGAGGAGGAUCAAGAUGGAGGAGGCGAAGGCACUCACUCACAUCAAAAUGCCUUCGGGCAUUUAAAAGAAACAACAACAACAAC,107
2853,id_c4ef8e1a2,GGAAACAACUACUAUCAGUAACCUCACUCAACUUGUUCGGCUUAGACGAACUGAGUUGGGAACUGAAAGAAUUCGUUCGCGGAUUCAAAAGAAACAACAACAACAAC,107
2854,id_c4f0b9781,GGAAAGGGCGGGCGGGCGCCGCCGGCGACGGGACCAACCGAAGGGCAGCCGGGCGCGGAGCGGGCGGCGAGGUGCUUCGGCACCUCAAAAGAAACAACAACAACAAC,107
2856,id_c5309dc8e,GGAAAAGCUACAAGACCAGUACGGCAUGGAAGGUGAGGCACUGAACAAGCAAUGUACGUCAUGUGGAGAACACUGUUCGCAGUGUUAAAAGAAACAACAACAACAAC,107
2857,id_c544872cd,GGAAACCGCGCAGCACCAGCCUCUCGUCGGGCACAACAUCCCACGUUUCUACUAUACGCGCCACGCUCCUUGCGCUUCGGUGCAAGAAAAGAAACAACAACAACAAC,107
2867,id_c5bbbbdbb,GGAAAGCUCGCAAACAUACAACGUGUAGUUCUUGCUCGCAAACAUACUACGUGUUGAUUUUGGAAUUAACGCGCGUUCGCGCGCGUAAAAGAAACAACAACAACAAC,107
2874,id_c63df258e,GGAAAACAACAACAACAACAACAACAACAACAACAACAACAACAACAACAACAACAACAACAACAACAAAAUUUUUUCGAAAAUUUAAAAGAAACAACAACAACAAC,107
2880,id_c6d03c266,GGAAAGUAUAUAGAAACUAUAUACCUAUAUAGCAUAUCGAAAGAUAUGCUCGAAAAGAGCUAUAUAGACUAUAUGUUCGCGUAUGGAAAAGAAACAACAACAACAAC,107
2885,id_c71ec2c74,GGAAAAUCGUUCAUCUCCUCUUUUUGGAGGAGACGGAAGUAGGCAAUAAAUGCCGAAGGAACGCGUUACGCCGAGUUCGCUCGGUGAAAAGAAACAACAACAACAAC,107
2888,id_c739ea3bf,GGAAACACGGACGCCGGAAAAACGGCCGACCGCGACACCGACGCGCGCGAAAAAGCGCCGACGGCGAAGGAUUCGUUCGCGAAUCCAAAAGAAACAACAACAACAAC,107
2889,id_c73e2e314,GGAAAAGCUAAAUAAAAAGCAUAGUCGAUAAAGACAAGGCGAAUAAGCCAUAGAGGUAAUAAACUAAAGUCACACUUCGGUGUGACAAAAGAAACAACAACAACAAC,107
2891,id_c747b68f1,GGAAAGCCCACCUUAAGGGUAGCAUAAUGCUUUGGCAGCCGACGUCGUCGACGGGUAUUAUACCGGGCCUGGAGGUUCGCCUCCGGAAAAGAAACAACAACAACAAC,107
2892,id_c74b01c1f,GGAAAGUUGAAUAUCAGCGCUGAGGCAACUCAGCGAUUGAGGACUCUCAGUCGUCGGAGAUCUCUGGCCCGCGUGUUCGCGUGUGGAAAAGAAACAACAACAACAAC,107
2893,id_c75bfee93,GGAAAAACAAAAGAAAACAAAAGAAAACAAAAGAAAACAAAAGAAAACAAAAGAAAGCGCAAAAGCGCGCGUUGGUUCGCCAACGCAAAAGAAACAACAACAACAAC,107
2902,id_c824b643c,GGAAAGCCGCGGGACGUCGCGGUUCCGGCCGAGACGAGAGUCGACGGGCGGACGGGAGGGACGGCGGCCCACACCUUCGGGUGUGGAAAAGAAACAACAACAACAAC,107
2907,id_c84e11cca,GGAAAAUCACGGGCACCUAUCCGGGAAACAUACGGUCUACCUGGAAGCCUUUCUCAUCGCAAUAAUUGCAGUGCGUUCGCGCACUGAAAAGAAACAACAACAACAAC,107
2908,id_c85731665,GGAAAGGCAGAGGCCGGCGAAAAGAGCAAGGGAUUCUCCCGAUAAAACGCGGAGGCGAUAAAGGCAUACCUGGACUUCGGUCCAGGAAAAGAAACAACAACAACAAC,107
2911,id_c8c64b7e3,GGAAAACGUGAGCAAAAGCUCACGAAAGCGAACAAUACCGCUGAGAAACUCAGCGAAAGUUCGCUAAAUAUCUAUUUCGAUAGAUAAAAAGAAACAACAACAACAAC,107
2920,id_c96138170,GGAAACUAGAAAACUAGAGAUAAUUAUUAUUAUGAAAAACAUAAUAAUAAUUAUCGUAUCAAAGAUACCAUAGCUUUCGAGCUAUGAAAAGAAACAACAACAACAAC,107
2929,id_c9c4e3a2c,GGAAAGUACAAAGCAUGGGCACGAAAAGUGACAUGCAAGUAUGUACGAAAAGUAGAUACAAAGUACAAGCGCGCCUUCGGGCGCGUAAAAGAAACAACAACAACAAC,107
2930,id_c9d3dea29,GGAAAACGCGGCUUCGCGUGGACAGGACUCUCGCGGAUCGCACGCCCACCCAGAGGGUCAGGGUGCGGAUCGCGGUUCGCCGCGAUAAAAGAAACAACAACAACAAC,107
2931,id_c9dd539b3,GGAAACAGUAAUCACCAUUACACCGUCACGAUCAAUUACACCUAAUCCAUCCGACAAGUCACCGACUACGGAAUGUUCGCAUUCCGAAAAGAAACAACAACAACAAC,107
2940,id_ca6c4da32,GGAAAGCGACGAAGUCGCCGGCCGGGUGGUGGCUGAGCAGCCAGCCGACGGCGGCGCCACGCGGCCGCUUACAGGUUCGCCUGUGAAAAAGAAACAACAACAACAAC,107
2945,id_cab4a5e78,GGAAAUUGCAAGCGAGGCCCGAAGACUCGAAUGCAGCGGGCGAGGAACACUCGCGAGCUAGCGCAAGCGUGACGGUUCGCCGUCACAAAAGAAACAACAACAACAAC,107
2949,id_caeeade47,GGAAAUGCAUGCGCAACGGAGGUAUGCGCUACUCUUCACGGUCGGGUAAUAUCAACGCAUAUUUACGAUAGUCCUUUCGAGGAUUAAAAAGAAACAACAACAACAAC,107
2952,id_cb650799f,GGAAACACGGACGCCGGUAUAUCGGCCGACCGCGACACCGACGCGCGCGAUAUAGCGCCGACGGCGAAGGAUUGGUUCGCCAAUCCAAAAGAAACAACAACAACAAC,107
2964,id_cc314d41a,GGAAAGGCAGCAUGCAAAGCAACGACAAAAAGCAAAAGCAAAAAGUCGAAGCAAAAAGCAAAGCAGCCGCUUUCGUUCGCGAAAGCAAAAGAAACAACAACAACAAC,107
2965,id_cc44e4406,GGAAAUAAACGUUCACACAAGAAUGUAGCAAAGCACGGCGGUAAAAAUAUUCCGACCCAUAGGCAUGAGUCCAUCUUCGGAUGGACAAAAGAAACAACAACAACAAC,107
2972,id_ccf9d6822,GGAAAGGCCCGCCGGAAACCGGAAGCGGAAACCGCAACGGCGGCACAACACAGCCGCCGAACGGGCCAGGCUGUCUUCGGACAGCCAAAAGAAACAACAACAACAAC,107
2975,id_cd116efd5,GGAAAUUUGGCUUUACAGCCAUGUAUAGACCUUACUAAACUUCUUGGUACAUACACCUAACAGGGUAAAUCAGAGUUCGCUCUGGUAAAAGAAACAACAACAACAAC,107
2983,id_cdbe072bd,GGAAACAGGGUGUUCGACAAAACGAAACACCGGGCCCGGGCCCACAAAUUCGUGGGCCCGGGCCCUGAGCGGCGAUUCGUCGCCGCAAAAGAAACAACAACAACAAC,107
2986,id_cdda806ad,GGAAACUCAAACCUAAUUUAGGGACCCGCUGCGGGAGGGCCUCAGGCCAAGCUGGUCCAGCCAUGAGACGCGUCGUUCGCGACGCGAAAAGAAACAACAACAACAAC,107
2989,id_cdeca81a7,GGAAAACAGGAGACAGCAGACCCUGCAGUCAGCUGACCGCAGACACGCAGAAGUCCGCGUCCCACCGCGACAACCUUCGGGUUGUCAAAAGAAACAACAACAACAAC,107
2990,id_cdfa987e8,GGAAAAUAAGUCAAGUGGAGUAGUCGUCCGCGCGACAAGCAGCAGACUUACACGACACGUAGGACAAACCACGAGUUCGCUCGUGGAAAAGAAACAACAACAACAAC,107
2993,id_ce0733413,GGAAAUACUUUAGAUUUCUUUAGAUUACAUUAGUUUUCUUUAGUUUUCAUUAGUUUGCGCUUUUGCGCCGACAGUUUCGGCUGUCGAAAAGAAACAACAACAACAAC,107
2995,id_ce17f7652,GGAAAUGGGAUUGAAGCGAGGCUCUUGACCCAAGAAGGGACGGCGAAUGAGCUUUGUCCCGAUAGGCAGAUCUGCUUCGGCAGAUCAAAAGAAACAACAACAACAAC,107
3004,id_ce7d0cef1,GGAAAGGAAGGCAUGGAAAACAUGAGACAGGGAAAGGCGAAAGCACUGAGAAGGCUCGUGAAGUCCCAGGUAUACUUCGGUAUACCAAAAGAAACAACAACAACAAC,107
3008,id_cee7cea81,GGAAAUUGCAAGCGAGGUACGAAGACUAGAGGCGGACGGGAAAGAAACACGGGCGGGCUAGUACAAGCGGCCUGUUUCGACAGGCCAAAAGAAACAACAACAACAAC,107
3018,id_cf6844d7a,GGAAAAGGUGACGAAUAAUCGGAGCUGGAAGAACGGAACGAGAGUUGCGAGAGUGGGAAACUAUUCAAGACUUGCUUCGGUAAGUCAAAAGAAACAACAACAACAAC,107
3032,id_d13446fd6,GGAAAAGAUGUCCCUGCCCUGGCAUUGGGCAGAGUUGACUUUAUGUUUCAACUGUGAUGUCUAUGGAGUGACUCGUUCGCGAGUCAAAAAGAAACAACAACAACAAC,107
3042,id_d248660d3,GGAAAAUAGCGCGCGAAUGGGUGUGUGCUAGGUACCAGGAGACGGGAGACAAAGACAUCGCGCGCAAACACAAUCUUCGGAUUGUGAAAAGAAACAACAACAACAAC,107
3043,id_d25aca930,GGAAACCGUUAUAUAGGAAACCGAAUAUGGUGAAAAACCAUAUGGCAGAAAAUGCCAAUAUAUAACGGGCCGGCCUUCGGGUUGGUAAAAGAAACAACAACAACAAC,107
3047,id_d2d95bef1,GGAAAAGAAUCAAAGUCGACAACGAGACGGCAAAGCGAGUCGACGAAAUUGGGCGACGAAGGAUUCAACAUGCACUUCGGUGCAUGAAAAGAAACAACAACAACAAC,107
3056,id_d38c19d59,GGAAAUGCCACGAUCGUUCUAAAGAGGAACCUCUUUCUCAAGAGGGAAAGAUCACGUGAUGAGGAAAAGGCAGUGUUCGCAUUGCCAAAAGAAACAACAACAACAAC,107
3057,id_d395fc9f0,GGAAAUAGAGACACUCAUAAAGUCUGUGAGAGAGAGAGAGAGAGAGAGAGAGAGAGAGAGAGAGAGAAGCGUGCGUUCGCGCACGCAAAAGAAACAACAACAACAAC,107
3065,id_d3ee6c3e8,GGAAACAUGGAAAGAGAGAACAUGAAUAACGCUGAAUAUAACGAUCGAAGAAAGAUCGAAGCGGAAAAAUACGCGUUCGCGCGUAUAAAAGAAACAACAACAACAAC,107
3083,id_d51a2d416,GGAAAUAUCACGUCAUUGGAUAAACCUAGUGUCUGCCAUCAGUGGCAAGCGAAGACUUCGUAGUGAUAGAGGUCGUUCGCGGCCUCAAAAGAAACAACAACAACAAC,107
3098,id_d619738d1,GGAAAGACAGUGCCUGCUAGAGUCCUCUGCAGCAAAACCCAUGACUAACAGGCUCACGCCGAUAGAACCAUCAGCUUCGGCUGAUGAAAAGAAACAACAACAACAAC,107
3101,id_d68a2cbb7,GGAAAGUCACUCACUCACUCACUCACUCACUCACUCACGAGAGGGAGGAGGAGGAGGAGGAGGAGGACGGUCUUCUUCGGAAGACCAAAAGAAACAACAACAACAAC,107
3105,id_d6b2ae629,GGAAACCAAAGAACCUAGCACUAAUGAAGUACAAUCCCUUAAUGAAGCCGAUACAUAAAGGGAUCCGACGUUUUCUUCGGGAGACGAAAAGAAACAACAACAACAAC,107
3106,id_d6ec3fbe5,GGAAAAAUAGGACGUGAAUGCAAAGGCGAAUUCAGACCACCAUGAGUAGCACAGUAUCACGGACUAAACGAUGCCUUCGGGCAUCGAAAAGAAACAACAACAACAAC,107
3111,id_d740a5805,GGAAAUUUAGCAAACAAACAAAAUCAAUAACAAACACCCACACCCACUCAGACACUCACUGACAUACAUCGAGACUUCGGUCUCGAAAAAGAAACAACAACAACAAC,107
3113,id_d75febf16,GGAAAAACGGAAGACGACAACAAGUCAACACAACAGACAGGACAACACUGGAGCUGAACCGAACAAAAGUCUAUCUUCGGAUAGACAAAAGAAACAACAACAACAAC,107
3116,id_d7b07ac38,GGAAACUACAACAACAUAACAACAACAAUCAAACAAUACAACAAACAAACAACAAUCAACACAACAAACCGGCGCUUCGGCGCCGGAAAAGAAACAACAACAACAAC,107
3125,id_d88c855f2,GGAAAAGAGUGAAGGACGGAGAAUCUCCGUCGUCGCGAAGCGACCCUGGGCUUCCCAGGCUUCACUCAGGAAGUGUUCGCACUUCCAAAAGAAACAACAACAACAAC,107
3127,id_d8e578e8e,GGAAAGAAAGAAGAAAGAAAGAGAAGAAGAAGAAGAACAACAAACAACAACAACAAACAAACAAACAAACCGCGCUUCGGUGUGGUAAAAGAAACAACAACAACAAC,107
3131,id_d92366a30,GGAAAACAUCAGGGAAAACCAAACAGAAAAUGAAAGAUGAACUGAACCACUGAAAAGGGAAGCAGAAAGUUAGUCUUCGGACUAACAAAAGAAACAACAACAACAAC,107
3143,id_da1c846d4,GGAAACCGCCGGCGCCAAAAACCGGCCAAAAACGUUCGAAAUUCCCGGCAACCACGCAAAAACCCGGGCGCGCUCUUCGGAGCGCGAAAAGAAACAACAACAACAAC,107
3151,id_dad9bc032,GGAAAAAGACAGUCGAAACACAAGACAGAAGCCGAAAAGGAAGUUCAAACUGGAAACAGAGUCAACAAGAACUUCUUCGGAAGUUCAAAAGAAACAACAACAACAAC,107
3152,id_dadaa5dd4,GGAAAGGCACAAAGUGCCGCGUGCCAUAACGGUGCAAAGCUGUGGAUUUUGGGAGUCGAGGAUGCAUACAAGUAGUUCGCUAUUUGAAAAGAAACAACAACAACAAC,107
3156,id_db4b59416,GGAAAGGGAAAGGCCGAAAGGCAGCCCGCGAGCGGCGCCGCGGAAACGCGGCGCCGCAAAGCGGGCUGGGCACCCUUCGGGGUGCCAAAAGAAACAACAACAACAAC,107
3160,id_db78cab53,GGAAAGAGCACGAUUCGUUAGAUUUAGAUUGCUAUGAUAGAAGAUUUCAGUCUAUUUAACAAUUUAUAGGCGCUCUUCGGAGCGCCAAAAGAAACAACAACAACAAC,107
3162,id_dbb0465c5,GGAAAUGACCGAUGAGAUUGGUUGUAACGACUGCUCCGACCGUUAAGUCUUGCUUAGGGUUUGCAUGUUCCGUCGUUCGCGACGGAAAAAGAAACAACAACAACAAC,107
3178,id_dda9a1458,GGAAAUAAAAGUUAUGGGAAAGCCCAUGGGAAAGCCUUAUUAGAAAAUAGGGCCGUCCAGAAUAGAAACAUGUAUUUCGAUACAUGAAAAGAAACAACAACAACAAC,107
3181,id_ddde5e084,GGAAACUAGGAAACUAGAGAUAAUUAUUAUUAUGGAAAACAUAAUAAUAAUUAUCGUAUCAAAGAUACCAUAGCUUUCGAGCUGUGAAAAGAAACAACAACAACAAC,107
3185,id_de529174a,GGAAACAUCGAGAUCACUGCGAAGGGAGACUCGGCAAAGCGGAGGAGGUGAAGAGCUAGAUCGAGAUGCGAUCGAUUCGUUGAUCGAAAAGAAACAACAACAACAAC,107
3190,id_dee516131,GGAAACGUGAAACACACUAUAGAAACUAUAGAGUAUGAAACAUACCCGAUUGAAACAAUCCGGAAACGGGUGUGCUUCGGCAUAUCAAAAGAAACAACAACAACAAC,107
3198,id_df3e4f913,GGAAAGGAAGGGCGGCGAAAAUUCGCGGCCGGGCCGGGCCGAAACCGGAAACCGGACGGACCAGGGCACCCGGGCUUCGGCCCGGGAAAAGAAACAACAACAACAAC,107
3204,id_dfaaebd5d,GGAAAAUUAACAAUAAAGCGACAGAUACCACCAGAUAAGCAAUAAUAUUUCAGACAAACGCCCGGCCCUCUGAUGUUCGCAUCAGAAAAAGAAACAACAACAACAAC,107
3221,id_e06b6e5a4,GGAAAACAAAGAGCCUAGCACGACCCAAAAUUGGAACUCGAACAAGGAAGAAAAGCACGCAUCACCACCCUUCUGUUCGCAGAAGGAAAAGAAACAACAACAACAAC,107
3223,id_e0a073d39,GGAAAAGGCAGGAGAAUAGGACGGCAUGGAACGUAAGGUACGGAACAAGCAAUCCACGUCACCAUAAGAACAGAGUUCGCUCUGUUAAAAGAAACAACAACAACAAC,107
3227,id_e0e7e5cfe,GGAAAUAACGCAUAUAUCGACGGAGAGACGGACGCGACGGAAACGAAUAACGCGAAGAUAUAUGCGAACUGUUGCUUCGGCGGCGGAAAAGAAACAACAACAACAAC,107
3232,id_e120af811,GGAAACAAGCAUGGCCGCACAGGCACUCGUUCGAUCAGAAAAUGAUCGAAGGAGUGCAAGGCCAUGCAGUAAUCCUUCGGGAUUACAAAAGAAACAACAACAACAAC,107
3233,id_e12fbc1f3,GGAAAUAUCGAGUACGGGAAGGUUAAGUGACUGGAAACGGGAACUUGGCAACCUUUCAACGUGCAUCAGUGCUGGUUCGCCAGCACAAAAGAAACAACAACAACAAC,107
3244,id_e1a1e4834,GGAAAGCACGGAUUCAAAGGAUCCCGAGAAACUCGCGUCGAAACGAUGCUAUGGGAAACUAUAGGUGCCCUAUAUUUCGAUAUAGGAAAAGAAACAACAACAACAAC,107
3250,id_e2257f895,GGAAAAGAUGGGCACGCGGUAGGCAUGGAAACGUGGCUGCAACGGGUGACCGGAAACGGCUUAUCAAACCGAGGCUUCGGCCUCGGAAAAGAAACAACAACAACAAC,107
3275,id_e38d13390,GGAAAGCCAGCUACGUACAGAGACAGACAGUACAUCGAAGGAUGUACGUCGUCUCGUACAGUAGCGGCCAGUCAGUUCGCUGACUGAAAAGAAACAACAACAACAAC,107
3278,id_e3b333c02,GGAAACGUAGAAGUGUAGGAUGCGGAAGUGUUUUGCAAAUAUGCUUGAUGUGGGAAGACUGUAGAAGGGAGGAUAUUCGUAUCUUCAAAAGAAACAACAACAACAAC,107
3279,id_e3e38e287,GGAAAGCGUAAACCCGUAAAUAAAUUAAAGGCCAAAGGCCAAAGGCCAAAGGCCAAAGGCCAAAGGCCACCUAGCUUCGGCUAGGUAAAAGAAACAACAACAACAAC,107
3284,id_e404d89bc,GGAAAGGUCGAAUGUAUAUGACACACAAUGUAUAGAAGAUCGAAAUCGUAUGUGAAAAUAUGCGUAAGAUAUCGAUUCGUCGAUGUAAAAGAAACAACAACAACAAC,107
3285,id_e40774d1b,GGAAAAACCCGAAGGCCAACACAAAGCCAGGCACAAGCCAAGGGACCACCCAGCCCAAGGCACGGGAAGAAACUCUUCGGAGUUUCAAAAGAAACAACAACAACAAC,107
3304,id_e5f1fbce7,GGAAAGUACGCGAAGCGCUAUAGCGCCGCGCGGCGAUAUCGCCGGCGACCGGCAUAUGCCGGAAUCGCGCCAUCCUUCGGGAUGGCAAAAGAAACAACAACAACAAC,107
3316,id_e780fc5e0,GGAAAGCGGCGCGCGGCGCGAGCGGCGCGGCGACGCGAUAUCGCGAUAUAUAGCGCAUAUACGCAAAAGCUAUCGUUCGCGAUAGCAAAAGAAACAACAACAACAAC,107
3322,id_e7cc088ff,GGAAAUAGCAAGAUUAUACACUGGCGCGCCACAGUUUUGGCCUUUGUUAUAGUUGGCACCAACACACAGCUCGACUUCGGUCGAGCAAAAGAAACAACAACAACAAC,107
3329,id_e868adf51,GGAAACAAGAUACACAGACGAAAGGUCAGAUGGAAGCAUCGAGUAUCAAAGAUACGGUAGAUUGGAAGCAUAAAGUUCGCUUUAUGAAAAGAAACAACAACAACAAC,107
3332,id_e89b28576,GGAAACGCGGCGGGCUUAGCAAAAGGUAACCCGGCAAAGCCCGCGAUACGGCAUAGCUCGACGCCGCGGGAUUUCUUCGGAAAUCCAAAAGAAACAACAACAACAAC,107
3334,id_e8c9eea2c,GGAAAAGGAAGGCCCUAAUGGGCCAGGGCCCGGGCCGAAGGGCCCGGGCCCAAGGGCGAAGGCCCAAAGACAGUCUUCGGACUGUCAAAAGAAACAACAACAACAAC,107
3341,id_e95f64c7c,GGAAAUUAAUAAAUAAACCGAGAUUGAAAUAAUAAAAUAAACAAUCGUUUAAAGAAACAAACGGAAAGCAGUAUCUUCGGAUACUGAAAAGAAACAACAACAACAAC,107
3351,id_ea0c1d8d4,GGAAAAGUGCCAACUCAAAGAGGGCACAACUGAAAAACAGAAGGAGACGCCGAAACGAGCGCUCCAAAGGUUGCGUUCGCGCAACCAAAAGAAACAACAACAACAAC,107
3355,id_ea6b0b16a,GGAAAUUGCAAGCGAGGUACGAAGACUAGAGGCGGACGGGAGAGAAACGCGGGCGGGCUAGUACAAGCGGGCUGUUUCGACAGCCCAAAAGAAACAACAACAACAAC,107
3357,id_eaa6633e1,GGAAAAUGCCAUUAAAAUGGCAUCCCGGAUGCUACUAACCCGCAUAGUGGGAAGUAGCAUCCGGGAAAGCAUCGCUUCGGCGAUGCAAAAGAAACAACAACAACAAC,107
3363,id_eb309f225,GGAAAAAGACAACUAGGUGGCUAGUGCGAUCAGGGCGCGGACUCCGGUGUCACCACGGGCACGGGAGGGUAGUGCUUCGGUACUAUAAAAGAAACAACAACAACAAC,107
3368,id_eb523f2d5,GGAAACCGUAGCGAGCGAGACGCGGGUGUAGCGGCGAACGCUAGACACGGCGGAUUGUGCGCUACGGCCCUCACGUUCGCGUGAGGAAAAGAAACAACAACAACAAC,107
3378,id_ec9321439,GGAAAGGAGCGAGGGUGUAUCACCAGCGCCGCCCUGGACUGACAGGGCGCCGUGCACGAGCACCGGCACCGUAUGUUCGCAUGCGGAAAAGAAACAACAACAACAAC,107
3381,id_ecdced5c7,GGAAAGGUGUCGGGUCGAAGGACGGGUCGAAGCGCGAGAGGCGCGAGACGGGCGAGAGGCGGGACACGAUAGGCCUUCGGGCCUAUAAAAGAAACAACAACAACAAC,107
3382,id_ece2cb983,GGAAAGCUGCGAAUAAGUGCGGCGCUUAGCCAGGAGCCUUCUGGAGCGAGAAUUUCUCGCAUCGCAGCCUGGGUGUUCGCACCCGGAAAAGAAACAACAACAACAAC,107
3383,id_ece989504,GGAAAGUAGUAAAGCGCGCGAAACGCGCGCGCAAACGCGCGCGCGAAAGCGCGCCGCGAAAGCGCGUCGGGAGGAUUCGUCCUCCCAAAAGAAACAACAACAACAAC,107
3384,id_ecf7368d5,GGAAAGAUGGUGAGUUCUCAUUCGUAAGUGUUAGCAAAGCUAACGUUUACGAGUGAGAAUUUACCAUCCGAUUUAUUCGUGAAUCGAAAAGAAACAACAACAACAAC,107
3414,id_ef3aa1324,GGAAAAAGGCGAAUAUAUAAAAAUAUAUAAAGUAUAAAAUAGGAUAAAAUGAGAUAAAAUGAGGCAAGAAAUUACUUCGGUAAUUUAAAAGAAACAACAACAACAAC,107
3431,id_f011c4135,GGAAAAUGGCAGUAGGAGAAGCAGACGACGUAGCAGCGCGCGACGCAGCGCUGGUACCAGUACUGCCAGAAUGCCUUCGGGCAUUCAAAAGAAACAACAACAACAAC,107
3435,id_f05c99037,GGAAAGUAUCGAAAGAUACCACGAGGGCCAGAAACUGGCAUAUAUAUCAAAGAUAUAUAUGCUCCGUGCGCUGCGUUCGCGUAGUGAAAAGAAACAACAACAACAAC,107
3437,id_f0922afa1,GGAAACGGGAGUGAACCGCGCGAAGCGCUGGCAGGAAAACUGUGAAAGGCGCAGUGCGGGAACGCUCAGACCACCUUCGGGUGGUCAAAAGAAACAACAACAACAAC,107
3440,id_f0be40ab4,GGAAAAAGUCCUGACAGCCUGCGAACACAGCAGACUACAGAAGCAGACAACGCCGCGACCCGCGCGAAGCAACACUUCGGUGUUGCAAAAGAAACAACAACAACAAC,107
3444,id_f12f03115,GGAAAGAUGGUGAGUUCGCCUUCGUAGGCGUUAGCAAAGCUAACCUGUACGAGUGGGAAUUUACCAUCCGAUUGAUUCGUUAAUCGAAAAGAAACAACAACAACAAC,107
3454,id_f1cc592fa,GGAAAAGAUAUACGAAUAAGCGAAAGAAAGCGAAAAGUAUAUCGAGUAUUUGCGAGAGGCGGAUACAAGUUUAGAUUCGUCUGGGCAAAAGAAACAACAACAACAAC,107
3461,id_f24dd6c78,GGAAAGUAUCGGGUACGAGAGGUACGAAGGAUGGAGAGCAUCGAAGGAUCGAGAGGAUCGAGGAUACAGGCUUACUUCGGUAGGCCAAAAGAAACAACAACAACAAC,107
3462,id_f25a85692,GGAAAUACGGAUCGUAGUGGGAGAGAUGUGAGUAGGAGGUGUGAUUAACAGGGCAAGAGCGGUGGAGAGAUGUUAUUCGUAGCGUCAAAAGAAACAACAACAACAAC,107
3470,id_f2da22046,GGAAAAAGCACUCGAAAUAACGAUCGAAACGAUCGACGAUUGAAACAAUCGAUAAAUACCGAGUGCAACGAAUAGUUCGCUAUUCGAAAAGAAACAACAACAACAAC,107
3485,id_f4713355d,GGAAAAGGCAACUGUAUUGGAGGCAGUCGAUGGAAAGGAAUCGGAGUAGGCAUCCACGACAGUAUAAGCGGUGAGUUCGCUCACCGAAAAGAAACAACAACAACAAC,107
3486,id_f47406562,GGAAAAAGGGCGAGCGUUGUCCGGAUUCAUUGGGCGUAAAGAGCUCGUAGGCGGCUCGGUAAGUCGGGUACGCGCUUCGGCGCGUAAAAAGAAACAACAACAACAAC,107
3499,id_f502a5e5f,GGAAAAGACCAAGAUACGAGCUUGCUAGUAUUGGAAAACAAUACUAGCAAGAGUAUCUUGAAAAGUCACUCGCGCUUCGGCGUGAGAAAAGAAACAACAACAACAAC,107
3505,id_f56317bf2,GGAAAGCGAUGCCCUGUUGCACGCGCUUUUUCUGGACACGCCACUAUGUUCAGUUAGCGGUGGGCGUCGACAUAGUUCGCUGUGUCAAAAGAAACAACAACAACAAC,107
3511,id_f5aa6517e,GGAAACAAUCGCCGCGCUCCGACCUAGCUCCUAUAAAUCUGCAGCUAGCUGUGUAUGAGCAACAACAGCAGGACGUUCGCGUCCUGAAAAGAAACAACAACAACAAC,107
3515,id_f5e731bbe,GGAAACAUCUGCAUACUAAGGCAACUAAUACUGGAUAUAUUCCUAUAUCUAGAUUAGUUAGCCAAUAAGUGGCGGUUCGCUGUCAUAAAAGAAACAACAACAACAAC,107
3538,id_f74d6ce29,GGAAAGCGUUUUACAAAUAGAUAAAAUAAGAAUGAGUAAAACGCAACUGUAUAUAAAUAAAUAUACAGCAAUGAUUUCGAUCAUUGAAAAGAAACAACAACAACAAC,107
3541,id_f77485a5f,GGAAAAGAGUGAAGGACGCCGUUUCGGCGUCGUGCCCUUGGCACCCUCCCGAAGGGAGGCUUCACUCAGGUACGGUUCGCCGUACCAAAAGAAACAACAACAACAAC,107
3542,id_f77af6e02,GGAAAAACGCGACGCGCGGCGAGAAAGACGCCGAGGCAAAGCCACGCGGAGCGGCGGCCAAAGGCCGGGCCGCGGUUCGCCGUGGCAAAAGAAACAACAACAACAAC,107
3565,id_f9d812c1b,GGAAACUAAUGUAAUACCGAUCGUUAGAUGUAUAGAGUAUCAGUAGAAUACAUGAUAUACUCCAUUAGCCUGAGCUUCGGCUCAGGAAAAGAAACAACAACAACAAC,107
3566,id_f9e299652,GGAAAGAGGAAACUCGUAGGAAACUACGAGGAAACUCGUAGGAAACUACGAGGAAACUCGAGGAACUCGUAUAUCUUCGGAUAUACAAAAGAAACAACAACAACAAC,107
3570,id_fa3943f40,GGAAAGGGCCUGGGUCCGGGCGCGAGCCCGGGCCGGGUGGGCGGGCCAGGGCGGGCCCGCCCGGGCCAGCACACCUUCGGGUGUGCAAAAGAAACAACAACAACAAC,107
3571,id_fa47ce3d4,GGAAAUAAGUUGGCUAGGGAAACCAAUGGGCGGCAGAUCGAAGGCCCGGAAACUGAAGGCAGAUCAAAGUUUAUGUUCGCGUAAGCAAAAGAAACAACAACAACAAC,107
3580,id_fb213f589,GGAAACCAGAGACUAUACCUCGAACGCACCUAAACGCGCAGAUAUACACUGAAUAAGAAGAUAUACGACCGGUUGUUCGCGACUGGAAAAGAAACAACAACAACAAC,107
3585,id_fb7dfccef,GGAAAAGGGUCGAGCGCGCACGCGGACCGGAUUAUAUCCACCAGGGAUGCUGGUCGUACGAUUCUGACGAUCUCCUUCGGGAGAUCAAAAGAAACAACAACAACAAC,107
3587,id_fb9d49820,GGAAAGAAGGCGUAGAAGAUGUGCUGCGUCAAAAUGGCGGAGUACAUCGAGCGAAUGUUGCUUGCGCCCUAUUGGUUCGCUGGUAGAAAAGAAACAACAACAACAAC,107
3593,id_fc4b93521,GGAAACGAUUAGUGUGAAACUUUUAAGGUAAACGCCGCUGAUCCGACACUCUCCCUACCGCAUGAGCAGGACUCGUUCGCGAGUCCAAAAGAAACAACAACAACAAC,107
3603,id_fd4117291,GGAAACAUGCGUGGAAAAACAUGAAAAGCAUGGAAGCAUGAAAAAGCAUGGAAAAACAUGUAUGGAAGCAUCUAGUUCGCUAGAUGAAAAGAAACAACAACAACAAC,107
3608,id_fd7353508,GGAAACGGUUAAGGACACUCGUGAGGCGCCGCCAGUGGUGGAUGGAUGCUAAUGAAGUGUCCGUGUGGCGAUAGCUUCGGUUAUCGAAAAGAAACAACAACAACAAC,107
3609,id_fd96725a9,GGAAAAUGGCGAAAGCCAGAAAACGAAUCCGACGAAAGUCGCCGUGCUGUACAACAGCGCGUCGUUUAAUCAACCUUCGGGUUGAUAAAAGAAACAACAACAACAAC,107
3616,id_fe2102731,GGAAAUACACUGAAACACAGUUUAAUAAAGAAACAUAAAGACCGCCAUCAUAGAAUCGAUGAGUGGUAGUUCUUCUUCGGAAGAACAAAAGAAACAACAACAACAAC,107
3622,id_febefd9c1,GGAAAUAGAAAAACUUAAUUAUCAAAAUAAGAAAAUAAAAAGAAAAUAAAGAAAUAAAGAUAAUUAAGGUUUUUCUUCGGAAAAACAAAAGAAACAACAACAACAAC,107
3623,id_ff2d18b94,GGAAAGAUAUACGAGCGUGUGGCGAAGUAUAUCAGUAUGGACGUGUACGUAGGUACCGGAACAUACAAGCGCUUUUUCGAGGGCGCAAAAGAAACAACAACAACAAC,107
3627,id_ff5b068b6,GGAAAGGGAGACGGUGCGCUGCUCUAUACUACCUUAGCGGUGGGUUCGGUAAAUUCUGAUUUUUACUAGACCGUCUUCGGACGGUCAAAAGAAACAACAACAACAAC,107
